{
    "iter_1": {
        "patient_id": "unknown",
        "timestamp": "20250617_171156",
        "schedule_type": "recommended",
        "last_param": {
            "a": 0.9485691785812378,
            "b": 0.0029501179233193398,
            "c": 0.5809878706932068,
            "noise_scale": 0.20396961271762848,
            "sig_slope": 0.2,
            "sig_offset": -3.0,
            "error_scale": 0.0
        },
        "past_outcomes": [
            2,
            2,
            2.2,
            2.5,
            2.6,
            2.863443,
            3.1341231
        ],
        "past_actions": [
            5,
            0,
            5,
            20,
            20,
            10,
            null
        ],
        "y_init": 3.1341231,
        "maxPrediction": [
            3.1341231,
            3.4461424556659077,
            3.7037241268455756,
            3.920389694514464,
            4.12642852660156,
            4.271944099176741,
            4.339752664533011
        ],
        "minPrediction": [
            3.1341231,
            3.2700560773067378,
            3.4662517816831064,
            3.655136685962889,
            3.851348610454567,
            4.008429058173856,
            4.101873232729204
        ],
        "meanPrediction": [
            3.1341231,
            3.39115148301914,
            3.6334412817175483,
            3.85881412005296,
            4.028689392050876,
            4.131461869264017,
            4.209432932736097
        ],
        "dosage": [
            0,
            0,
            0,
            0,
            0,
            0,
            0
        ]
    },
    "iter_2": {
        "patient_id": "unknown",
        "timestamp": "20250617_171159",
        "schedule_type": "recommended",
        "last_param": {
            "a": 0.9485691785812378,
            "b": 0.0029501179233193398,
            "c": 0.5809878706932068,
            "noise_scale": 0.20396961271762848,
            "sig_slope": 0.2,
            "sig_offset": -3.0,
            "error_scale": 0.0
        },
        "past_outcomes": [
            2,
            2,
            2.2,
            2.5,
            2.6,
            2.863443,
            3.1341231
        ],
        "past_actions": [
            5,
            0,
            5,
            20,
            20,
            10,
            null
        ],
        "y_init": 3.1341231,
        "maxPrediction": [
            3.1341231,
            3.438379624896261,
            3.698681073504015,
            3.9184105472107635,
            4.125205297589608,
            4.27105811545969,
            4.3440783965894845
        ],
        "minPrediction": [
            3.1341231,
            3.2748049313088923,
            3.4644778656168023,
            3.6548988867901597,
            3.8465791598024763,
            4.010346391294393,
            4.089255289646138
        ],
        "meanPrediction": [
            3.1341231,
            3.397194756476179,
            3.656186849846253,
            3.875639342762336,
            4.007884987020324,
            4.132029867635825,
            4.211672908220288
        ],
        "dosage": [
            0,
            0,
            0,
            0,
            0,
            0,
            0
        ]
    },
    "iter_3": {
        "patient_id": "unknown",
        "timestamp": "20250617_171202",
        "schedule_type": "recommended",
        "last_param": {
            "a": 0.9485691785812378,
            "b": 0.0029501179233193398,
            "c": 0.5809878706932068,
            "noise_scale": 0.20396961271762848,
            "sig_slope": 0.2,
            "sig_offset": -3.0,
            "error_scale": 0.0
        },
        "past_outcomes": [
            2,
            2,
            2.2,
            2.5,
            2.6,
            2.863443,
            3.1341231
        ],
        "past_actions": [
            5,
            0,
            5,
            20,
            20,
            10,
            null
        ],
        "y_init": 3.1341231,
        "maxPrediction": [
            3.1341231,
            3.440182151803511,
            3.689105855859749,
            3.921990895054328,
            4.120629687696511,
            4.269561682968508,
            4.339274898944229
        ],
        "minPrediction": [
            3.1341231,
            3.262039642959073,
            3.4380332646379754,
            3.647857854372834,
            3.8330550908839567,
            3.999505600295683,
            4.09397197032302
        ],
        "meanPrediction": [
            3.1341231,
            3.393589470919286,
            3.5797165323534412,
            3.8622533070141793,
            3.9941051915299157,
            4.123103241710006,
            4.221214401778561
        ],
        "dosage": [
            0,
            0,
            0,
            0,
            0,
            0,
            0
        ]
    },
    "iter_4": {
        "patient_id": "unknown",
        "timestamp": "20250617_171204",
        "schedule_type": "recommended",
        "last_param": {
            "a": 0.9485691785812378,
            "b": 0.0029501179233193398,
            "c": 0.5809878706932068,
            "noise_scale": 0.20396961271762848,
            "sig_slope": 0.2,
            "sig_offset": -3.0,
            "error_scale": 0.0
        },
        "past_outcomes": [
            2,
            2,
            2.2,
            2.5,
            2.6,
            2.863443,
            3.1341231
        ],
        "past_actions": [
            5,
            0,
            5,
            20,
            20,
            10,
            null
        ],
        "y_init": 3.1341231,
        "maxPrediction": [
            3.1341231,
            3.4485001641840287,
            3.6909789393421235,
            3.924455437032427,
            4.119643051458996,
            4.267247486741693,
            4.341029889157037
        ],
        "minPrediction": [
            3.1341231,
            3.271358095036397,
            3.4652364210273348,
            3.6670751750081063,
            3.8491150962993643,
            4.007590027661361,
            4.095209290229945
        ],
        "meanPrediction": [
            3.1341231,
            3.331435212226909,
            3.587728058358598,
            3.7439221200680004,
            3.9632414742908924,
            4.120982014961875,
            4.245674395819193
        ],
        "dosage": [
            0,
            0,
            0,
            0,
            0,
            0,
            0
        ]
    },
    "iter_5": {
        "patient_id": "unknown",
        "timestamp": "20250617_171207",
        "schedule_type": "recommended",
        "last_param": {
            "a": 0.9485691785812378,
            "b": 0.0029501179233193398,
            "c": 0.5809878706932068,
            "noise_scale": 0.20396961271762848,
            "sig_slope": 0.2,
            "sig_offset": -3.0,
            "error_scale": 0.0
        },
        "past_outcomes": [
            2,
            2,
            2.2,
            2.5,
            2.6,
            2.863443,
            3.1341231
        ],
        "past_actions": [
            5,
            0,
            5,
            20,
            20,
            10,
            null
        ],
        "y_init": 3.1341231,
        "maxPrediction": [
            3.1341231,
            3.4503345433787747,
            3.691754866272592,
            3.9234251365695627,
            4.130274379788692,
            4.279479888655395,
            4.342999674641981
        ],
        "minPrediction": [
            3.1341231,
            3.261852251254942,
            3.454633729769025,
            3.6635225891894656,
            3.8436922238411158,
            4.005354871322699,
            4.098882308933034
        ],