{
    "patient_id": "18",
    "timestamp": "20250616_200050",
    "schedule_type": "manual",
    "last_param": {
        "a": 0.9730105400085449,
        "b": 0.016555173322558403,
        "c": 0.12117499113082886,
        "error_scale": 0,
        "noise_scale": 0.5728908181190491,
        "sig_offset": -3,
        "sig_slope": 0.2
    },
    "past_outcomes": [
        3.13,
        3.56,
        3.99,
        3.8
    ],
    "past_actions": [
        3.5,
        3.4,
        4,
        null
    ],
    "y_init": 3.8,
    "future_actions": [
        1.7535714285714286,
        3.507142857142857,
        5.260714285714286,
        7.014285714285714,
        8.767857142857142,
        10.521428571428572,
        12.275
    ],
    "max_outcomes": [
        3.973669379184357,
        4.053026934489215,
        4.082699270012084,
        4.131920311054166,
        4.17096471550321,
        4.19227435462408,
        4.259883270700931
    ],
    "min_outcomes": [
        3.568456448927592,
        3.470698305289691,
        3.3905326268856273,
        3.3172984730221056,
        3.2937340502080077,
        3.235151392803247,
        3.2240122606370747
    ],
    "median_trajectory": [
        3.8411396186136777,
        3.7909529749801796,
        3.7859070427769232,
        3.7620222693601257,
        3.857195552599069,
        3.8032021388402977,
        3.79216595336961
    ],
    "median_actions": [
        1.7535714285714286,
        3.507142857142857,
        5.260714285714286,
        7.014285714285714,
        8.767857142857142,
        10.521428571428572,
        12.275
    ],
    "median_score": 7.597155578673782
}