{
    "patient_id": "18",
    "timestamp": "20250616_200044",
    "schedule_type": "recommended",
    "last_param": {
        "a": 0.9730105400085449,
        "b": 0.016555173322558403,
        "c": 0.12117499113082886,
        "noise_scale": 0.5728908181190491,
        "sig_slope": 0.2,
        "sig_offset": -3.0,
        "error_scale": 0.0
    },
    "past_outcomes": [
        3.13,
        3.56,
        3.99,
        3.8
    ],
    "past_actions": [
        3.5,
        3.4,
        4,
        null
    ],
    "y_init": 3.8,
    "maxPrediction": [
        3.8,
        4.025914322557444,
        4.136541853595283,
        4.2006589240755705,
        4.235787583701074,
        4.25019758559664,
        4.249745577360515,
        4.2680163521310295
    ],
    "minPrediction": [
        3.8,
        3.62983260056026,
        3.5705883145574333,
        3.512053960905449,
        3.4036480065934245,
        3.3256899878790045,
        3.255399345550996,
        3.215595314346917
    ],
    "meanPrediction": [
        3.8,
        3.8704999256992627,
        3.795420741521314,
        3.907395362365972,
        3.971472972298118,
        3.902681864860979,
        3.8449438489915093,
        3.819207290332281
    ],
    "dosage": [
        20,
        20,
        9,
        0,
        0,
        0,
        0,
        0
    ]
}