{
    "iter_1": {
        "patient_id": "11-w6",
        "timestamp": "20250617_160828",
        "schedule_type": "recommended",
        "last_param": {
            "a": 0.963611364364624,
            "b": 0.013330720365047455,
            "c": 0.035476911813020706,
            "noise_scale": 0.7732747197151184,
            "sig_slope": 0.2,
            "sig_offset": -3.0,
            "error_scale": 0.0
        },
        "past_outcomes": [
            2,
            2.5,
            3.4,
            3.45
        ],
        "past_actions": [
            4,
            5,
            9,
            null
        ],
        "y_init": 3.45,
        "maxPrediction": [
            3.45,
            3.693731514288216,
            3.743527970262091,
            3.8887136988118196,
            4.085093221818269,
            4.1894296419360675,
            4.3336376436335415,
            4.420416937707135
        ],
        "minPrediction": [
            3.45,
            3.0660406105179865,
            2.8480965576944373,
            2.7552068751608743,
            2.628865949595838,
            2.494769692764595,
            2.3614604741406136,
            2.2702420595651653
        ],
        "meanPrediction": [
            3.45,
            3.156490344526976,
            3.2701833955049304,
            3.378979869250901,
            3.3531220544107487,
            3.4069024990121672,
            3.2163800480642726,
            3.407076426464997
        ],
        "dosage": [
            20,
            20,
            2,
            0,
            0,
            0,
            0,
            0
        ]
    },
    "iter_2": {
        "patient_id": "11-w6",
        "timestamp": "20250617_160831",
        "schedule_type": "recommended",
        "last_param": {
            "a": 0.963611364364624,
            "b": 0.013330720365047455,
            "c": 0.035476911813020706,
            "noise_scale": 0.7732747197151184,
            "sig_slope": 0.2,
            "sig_offset": -3.0,
            "error_scale": 0.0
        },
        "past_outcomes": [
            2,
            2.5,
            3.4,
            3.45
        ],
        "past_actions": [
            4,
            5,
            9,
            null
        ],
        "y_init": 3.45,
        "maxPrediction": [
            3.45,
            3.7273120027452453,
            3.761207283272799,
            3.941137342073503,
            4.087909034420679,
            4.227106728309414,
            4.361892293823946,
            4.494223330108685
        ],
        "minPrediction": [
            3.45,
            3.021107036416319,
            2.7955250075975906,
            2.7062348333009103,
            2.6409089677801862,
            2.542853757132403,
            2.373569112684263,
            2.2582590411218666
        ],
        "meanPrediction": [
            3.45,
            3.5174155148156157,
            3.2336172542649844,
            3.3242565652539,
            3.477047551592408,
            3.756238380154058,
            3.3832646356918974,
            3.3537979721818356
        ],
        "dosage": [
            20,
            20,
            2,
            0,
            0,
            0,
            0,
            0
        ]
    },
    "iter_3": {
        "patient_id": "11-w6",
        "timestamp": "20250617_160834",
        "schedule_type": "recommended",
        "last_param": {
            "a": 0.963611364364624,
            "b": 0.013330720365047455,
            "c": 0.035476911813020706,
            "noise_scale": 0.7732747197151184,
            "sig_slope": 0.2,
            "sig_offset": -3.0,
            "error_scale": 0.0
        },
        "past_outcomes": [
            2,
            2.5,
            3.4,
            3.45
        ],
        "past_actions": [
            4,
            5,
            9,
            null
        ],
        "y_init": 3.45,
        "maxPrediction": [
            3.45,
            3.725248697403184,
            3.767020869212065,
            3.9349715506148844,
            4.0353717870910835,
            4.169093389541796,
            4.31415821435304,
            4.348768219604028
        ],
        "minPrediction": [
            3.45,
            3.0309826891006204,
            2.8733753891421254,
            2.746955482441333,
            2.6332926431019787,
            2.4980959348930467,
            2.369099641147804,
            2.2481293649868546
        ],
        "meanPrediction": [
            3.45,
            3.320291033711475,
            3.1405705574872638,
            3.214487183289888,
            3.3332266056863675,
            3.2265001612904993,
            3.2771256387089935,
            3.457206446200178
        ],
        "dosage": [
            20,
            20,
            2,
            0,
            0,
            0,
            0,
            0
        ]
    },
    "iter_4": {
        "patient_id": "11-w6",
        "timestamp": "20250617_160858",
        "schedule_type": "recommended",
        "last_param": {
            "a": 0.963611364364624,
            "b": 0.013330720365047455,
            "c": 0.035476911813020706,
            "noise_scale": 0.7732747197151184,
            "sig_slope": 0.2,
            "sig_offset": -3.0,
            "error_scale": 0.0
        },
        "past_outcomes": [
            2,
            2.5,
            3.4,
            3.45
        ],
        "past_actions": [
            4,
            5,
            9,
            null
        ],
        "y_init": 3.45,
        "maxPrediction": [
            3.45,
            3.6817526109858236,
            3.7452513809420216,
            3.9397779363821432,
            4.090899057595314,
            4.19142707295376,
            4.343014336654267,
            4.425839130190121
        ],
        "minPrediction": [
            3.45,
            3.013954983685619,
            2.803038841164218,
            2.646354957998785,
            2.578006583837521,
            2.4052906583529343,
            2.336118910690676,
            2.259241549436648
        ],
        "meanPrediction": [
            3.45,
            3.604401682057232,
            3.68742602033604,
            3.617050039636324,
            3.5802393202362603,
            3.4941899431413352,
            3.453666768058048,
            3.2019193206056027
        ],
        "dosage": [
            20,
            20,
            2,
            0,
            0,
            0,
            0,
            0
        ]
    },
    "iter_5": {
        "patient_id": "11-w6",
        "timestamp": "20250617_160901",
        "schedule_type": "recommended",
        "last_param": {
            "a": 0.963611364364624,
            "b": 0.013330720365047455,
            "c": 0.035476911813020706,
            "noise_scale": 0.7732747197151184,
            "sig_slope": 0.2,
            "sig_offset": -3.0,
            "error_scale": 0.0
        },
        "past_outcomes": [
            2,
            2.5,
            3.4,
            3.45
        ],
        "past_actions": [
            4,
            5,
            9,
            null
        ],
        "y_init": 3.45,
        "maxPrediction": [
            3.45,
            3.696186687236082,
            3.774436390075781,
            3.9096997668246916,
            4.0827201000497775,
            4.217361140325969,
            4.330660827832333,
            4.426620442511374
        ],
        "minPrediction": [
            3.45,
            3.0262233174801842,
            2.818998432051084,
            2.683912301843544,
            2.621676476343276,
            2.4930957078525626,
            2.382863924898951,
            2.3019465010380795
        ],
        "meanPrediction": [
            3.45,
            3.562723071910326,
            3.3044400608488385,
            3.364458249787852,
            3.430186194243382,
            3.401624702275431,
            3.383833534438771,
            3.2982423717725977
        ],