{
    "iter_1": {
        "patient_id": "unknown",
        "timestamp": "20250617_122853",
        "schedule_type": "recommended",
        "last_param": {
            "a": 0.6949394941329956,
            "b": 0.03644438832998276,
            "c": 1.6563574075698853,
            "noise_scale": 0.23372361063957214,
            "sig_slope": 0.2,
            "sig_offset": -3.0,
            "error_scale": 0.0
        },
        "past_outcomes": [
            1.68,
            1.93,
            2.04,
            2.26
        ],
        "past_actions": [
            4,
            3,
            5,
            null
        ],
        "y_init": 2.26,
        "maxPrediction": [
            2.26,
            2.412080412577493,
            2.5180230815603935,
            2.5400857941561616,
            2.4475271193265216,
            2.3624949571755613,
            2.259903456376507,
            2.1465531631409567,
            2.0100268207672776,
            1.885135955957966
        ],
        "minPrediction": [
            2.26,
            2.2014076462558463,
            2.191907743725701,
            2.09031840563146,
            1.936196130807835,
            1.7538050477816185,
            1.574494113272107,
            1.39070431397407,
            1.2207952688964856,
            1.0537968957514952
        ],
        "meanPrediction": [
            2.26,
            2.1791544229946362,
            2.3072458380057075,
            2.238786881373599,
            2.0972769114879934,
            1.9996570846130224,
            1.943633280870757,
            1.788384297199532,
            1.5939828925563495,
            1.4163078166399246
        ],
        "dosage": [
            20,
            20,
            8,
            0,
            0,
            0,
            0,
            0,
            0,
            0
        ]
    },
    "iter_2": {
        "patient_id": "unknown",
        "timestamp": "20250617_122855",
        "schedule_type": "recommended",
        "last_param": {
            "a": 0.6949394941329956,
            "b": 0.03644438832998276,
            "c": 1.6563574075698853,
            "noise_scale": 0.23372361063957214,
            "sig_slope": 0.2,
            "sig_offset": -3.0,
            "error_scale": 0.0
        },
        "past_outcomes": [
            1.68,
            1.93,
            2.04,
            2.26
        ],
        "past_actions": [
            4,
            3,
            5,
            null
        ],
        "y_init": 2.26,
        "maxPrediction": [
            2.26,
            2.41656963690294,
            2.5269676331446704,
            2.5287809710548363,
            2.452806652406578,
            2.356383386854609,
            2.252772873723307,
            2.1300638088506094,
            2.000643435291052,
            1.8491726761316012
        ],
        "minPrediction": [
            2.26,
            2.199176518033136,
            2.189733271447624,
            2.075453066133499,
            1.9119623272495436,
            1.7335968195234848,
            1.5349542605942947,
            1.3672379854850838,
            1.2057012257505628,
            1.0560373371696252
        ],
        "meanPrediction": [
            2.26,
            2.396233964126047,
            2.430041777391547,
            2.400414539075206,
            2.1601376530221814,
            1.9377336637687712,
            1.7965166829283306,
            1.6732939715030704,
            1.5012831046403226,
            1.4143647183779098
        ],
        "dosage": [
            20,
            20,
            8,
            0,
            0,
            0,
            0,
            0,
            0,
            0
        ]
    },
    "iter_3": {
        "patient_id": "unknown",
        "timestamp": "20250617_122857",
        "schedule_type": "recommended",
        "last_param": {
            "a": 0.6949394941329956,
            "b": 0.03644438832998276,
            "c": 1.6563574075698853,
            "noise_scale": 0.23372361063957214,
            "sig_slope": 0.2,
            "sig_offset": -3.0,
            "error_scale": 0.0
        },
        "past_outcomes": [
            1.68,
            1.93,
            2.04,
            2.26
        ],
        "past_actions": [
            4,
            3,
            5,
            null
        ],
        "y_init": 2.26,
        "maxPrediction": [
            2.26,
            2.427644735432369,
            2.5334591106497237,
            2.5243456411264864,
            2.4413384196992878,
            2.3485427934912497,
            2.223452096705879,
            2.1111756815454847,
            1.9972618736459933,
            1.8345052567386446
        ],
        "minPrediction": [
            2.26,
            2.2020810750120052,
            2.198825998829891,
            2.1003461559508247,
            1.9281932077362927,
            1.754329880647767,
            1.580255644021713,
            1.3845693480530774,
            1.2233195359968214,
            1.065128064539628
        ],
        "meanPrediction": [
            2.26,
            2.291778924702718,
            2.409586738821007,
            2.2727936959237582,
            2.114732100890201,
            2.0338207474894094,
            1.9361847349125039,
            1.7654391275096712,
            1.5941014614028695,
            1.4000869403579297
        ],
        "dosage": [
            20,
            20,
            8,
            0,
            0,
            0,
            0,
            0,
            0,
            0
        ]
    },
    "iter_4": {
        "patient_id": "unknown",
        "timestamp": "20250617_122900",
        "schedule_type": "recommended",
        "last_param": {
            "a": 0.6949394941329956,
            "b": 0.03644438832998276,
            "c": 1.6563574075698853,
            "noise_scale": 0.23372361063957214,
            "sig_slope": 0.2,
            "sig_offset": -3.0,
            "error_scale": 0.0
        },
        "past_outcomes": [
            1.68,
            1.93,
            2.04,
            2.26
        ],
        "past_actions": [
            4,
            3,
            5,
            null
        ],
        "y_init": 2.26,
        "maxPrediction": [
            2.26,
            2.423502546085676,
            2.5336889975907604,
            2.528035201031417,
            2.449092550419042,
            2.3617086655774933,
            2.2475701196355478,
            2.135881437990302,
            1.9935420561787718,
            1.8646056512569007
        ],
        "minPrediction": [
            2.26,
            2.1947065993778416,
            2.197261414742718,
            2.089726254825762,
            1.9072689406061718,
            1.7418505139836526,
            1.5764790691385238,
            1.3989671569806592,
            1.227359839706357,
            1.0856039153204387
        ],
        "meanPrediction": [
            2.26,
            2.306077074997735,
            2.338400326195386,
            2.321084930834878,
            2.145548637768535,
            2.032179785062871,
            1.9252276719051684,
            1.7270473010619,
            1.573019572059412,
            1.422335383563603
        ],
        "dosage": [
            20,
            20,
            8,
            0,
            0,
            0,
            0,
            0,
            0,
            0
        ]
    },
    "iter_5": {
        "patient_id": "unknown",
        "timestamp": "20250617_122902",
        "schedule_type": "recommended",
        "last_param": {
            "a": 0.6949394941329956,
            "b": 0.03644438832998276,
            "c": 1.6563574075698853,
            "noise_scale": 0.23372361063957214,
            "sig_slope": 0.2,
            "sig_offset": -3.0,
            "error_scale": 0.0
        },
        "past_outcomes": [
            1.68,
            1.93,
            2.04,
            2.26
        ],