{
    "iter_1": {
        "patient_id": "unknown",
        "timestamp": "20250617_124529",
        "schedule_type": "recommended",
        "last_param": {
            "a": 0.6949394941329956,
            "b": 0.03644438832998276,
            "c": 1.6563574075698853,
            "noise_scale": 0.23372361063957214,
            "sig_slope": 0.2,
            "sig_offset": -3.0,
            "error_scale": 0.0
        },
        "past_outcomes": [
            1.68,
            1.93,
            2.04,
            2.26
        ],
        "past_actions": [
            4,
            3,
            5,
            null
        ],
        "y_init": 2.26,
        "maxPrediction": [
            2.26,
            2.422015206250671,
            2.5448469462185925,
            2.5455929124153656,
            2.4599373302317593,
            2.365476006271863,
            2.274185972042659,
            2.1510752448243684,
            2.03012544319605,
            1.9027229387317008
        ],
        "minPrediction": [
            2.26,
            2.1932388886856757,
            2.1898685036878467,
            2.0964948260559897,
            1.915675174030621,
            1.7411767580891906,
            1.5671566786066977,
            1.3962882730126314,
            1.2222268878341918,
            1.0813797428031253
        ],
        "meanPrediction": [
            2.26,
            2.2944719623952508,
            2.349977820337395,
            2.2906989825402166,
            2.1432395012376664,
            1.9816664950946472,
            1.7694181212188973,
            1.6284949194242457,
            1.5437344040918628,
            1.4310310235584802
        ],
        "dosage": [
            20,
            20,
            8,
            0,
            0,
            0,
            0,
            0,
            0,
            0
        ]
    },
    "iter_2": {
        "patient_id": "unknown",
        "timestamp": "20250617_124531",
        "schedule_type": "recommended",
        "last_param": {
            "a": 0.6949394941329956,
            "b": 0.03644438832998276,
            "c": 1.6563574075698853,
            "noise_scale": 0.23372361063957214,
            "sig_slope": 0.2,
            "sig_offset": -3.0,
            "error_scale": 0.0
        },
        "past_outcomes": [
            1.68,
            1.93,
            2.04,
            2.26
        ],
        "past_actions": [
            4,
            3,
            5,
            null
        ],
        "y_init": 2.26,
        "maxPrediction": [
            2.26,
            2.417965090561527,
            2.5209950181921608,
            2.519060569923487,
            2.438471200738219,
            2.3556112005310816,
            2.2351310925763506,
            2.1219641297497134,
            1.9793075472052428,
            1.8361575731916042
        ],
        "minPrediction": [
            2.26,
            2.195035967232571,
            2.1996108090025674,
            2.1039636905767582,
            1.942030470225692,
            1.762485008418207,
            1.5748774708679871,
            1.4130277908189188,
            1.2465750231452999,
            1.0777122824833625
        ],
        "meanPrediction": [
            2.26,
            2.318561730949387,
            2.358013594439414,
            2.3085782922612705,
            2.2015507227412847,
            2.0573201982881035,
            1.8914628917512024,
            1.7424939471774996,
            1.5310198085168636,
            1.4093945813965858
        ],
        "dosage": [
            20,
            20,
            8,
            0,
            0,
            0,
            0,
            0,
            0,
            0
        ]
    },
    "iter_3": {
        "patient_id": "unknown",
        "timestamp": "20250617_124534",
        "schedule_type": "recommended",
        "last_param": {
            "a": 0.6949394941329956,
            "b": 0.03644438832998276,
            "c": 1.6563574075698853,
            "noise_scale": 0.23372361063957214,
            "sig_slope": 0.2,
            "sig_offset": -3.0,
            "error_scale": 0.0
        },
        "past_outcomes": [
            1.68,
            1.93,
            2.04,
            2.26
        ],
        "past_actions": [
            4,
            3,
            5,
            null
        ],
        "y_init": 2.26,
        "maxPrediction": [
            2.26,
            2.4147513413232957,
            2.526718722636304,
            2.5139335412213053,
            2.444245124698279,
            2.3490303541145092,
            2.254983480554079,
            2.121700371970916,
            2.004937551619642,
            1.8692893564687636
        ],
        "minPrediction": [
            2.26,
            2.2003158260677083,
            2.1819254630659755,
            2.080021627573251,
            1.9159214743263804,
            1.7299475806915392,
            1.5721701595885889,
            1.3895130034053076,
            1.2214159495616663,
            1.0688435972599932
        ],
        "meanPrediction": [
            2.26,
            2.2165482273361956,
            2.2532406556012994,
            2.276655527411699,
            2.103027953418189,
            2.0047683576192528,
            1.911985680357728,
            1.7797719202976356,
            1.6072933286643614,
            1.4295781146237463
        ],
        "dosage": [
            20,
            20,
            8,
            0,
            0,
            0,
            0,
            0,
            0,
            0
        ]
    },
    "iter_4": {
        "patient_id": "unknown",
        "timestamp": "20250617_124536",
        "schedule_type": "recommended",
        "last_param": {
            "a": 0.6949394941329956,
            "b": 0.03644438832998276,
            "c": 1.6563574075698853,
            "noise_scale": 0.23372361063957214,
            "sig_slope": 0.2,
            "sig_offset": -3.0,
            "error_scale": 0.0
        },
        "past_outcomes": [
            1.68,
            1.93,
            2.04,
            2.26
        ],
        "past_actions": [
            4,
            3,
            5,
            null
        ],
        "y_init": 2.26,
        "maxPrediction": [
            2.26,
            2.4224000560886174,
            2.539778809218552,
            2.538962923722394,
            2.4667956811598857,
            2.366481833310616,
            2.251228531252896,
            2.143180879311625,
            2.002845658970149,
            1.8649499260835727
        ],
        "minPrediction": [
            2.26,
            2.197116672044185,
            2.1891886687651074,
            2.090945038397822,
            1.91873436831707,
            1.7452079411874803,
            1.5642465790182933,
            1.3803638168464198,
            1.2072452105131255,
            1.0523446233328202
        ],
        "meanPrediction": [
            2.26,
            2.2446105348571637,
            2.2678911403210105,
            2.2796487471054725,
            2.1757935744013577,
            2.0223032630993356,
            1.8858406847680553,
            1.7493773912107247,
            1.597780197817068,
            1.4330685907604301
        ],
        "dosage": [
            20,
            20,
            8,
            0,
            0,
            0,
            0,
            0,
            0,
            0
        ]
    },
    "iter_5": {
        "patient_id": "unknown",
        "timestamp": "20250617_124539",
        "schedule_type": "recommended",
        "last_param": {
            "a": 0.6949394941329956,
            "b": 0.03644438832998276,
            "c": 1.6563574075698853,
            "noise_scale": 0.23372361063957214,
            "sig_slope": 0.2,
            "sig_offset": -3.0,
            "error_scale": 0.0
        },
        "past_outcomes": [
            1.68,
            1.93,
            2.04,
            2.26
        ],