{
    "patient_id": "12",
    "timestamp": "20250616_180257",
    "schedule_type": "manual",
    "last_param": {
        "a": 0.6949394941329956,
        "b": 0.03644438832998276,
        "c": 1.6563574075698853,
        "error_scale": 0,
        "noise_scale": 0.23372361063957214,
        "sig_offset": -3,
        "sig_slope": 0.2
    },
    "past_outcomes": [
        1.68,
        1.93,
        2.04,
        2.26
    ],
    "past_actions": [
        4,
        3,
        5,
        null
    ],
    "y_init": 2.26,
    "future_actions": [
        5.333333333333333,
        5.333333333333333,
        5.333333333333333,
        5.333333333333333,
        5.333333333333333,
        5.333333333333333,
        5.333333333333333,
        5.333333333333333,
        5.333333333333333
    ],
    "max_outcomes": [
        2.274122125086303,
        2.242934942456701,
        2.1859591033556605,
        2.1057122944209556,
        2.0174881311170805,
        1.9186812033211753,
        1.8269167784049907,
        1.7266332260136468,
        1.6115684145807971
    ],
    "min_outcomes": [
        2.0611622192042294,
        1.9120489480794545,
        1.7620415977313724,
        1.610010293541814,
        1.476587382049385,
        1.3371993132938178,
        1.2013036286126475,
        1.0723996145052068,
        0.9669516967277073
    ],
    "median_trajectory": [
        2.2117802414957115,
        2.1080815660215704,
        1.9581715988744295,
        1.8672152424570494,
        1.7072019997182653,
        1.6050711461529643,
        1.4987007467857918,
        1.438300022811504,
        1.2346363162051899
    ],
    "median_actions": [
        5.333333333333333,
        5.333333333333333,
        5.333333333333333,
        5.333333333333333,
        5.333333333333333,
        5.333333333333333,
        5.333333333333333,
        5.333333333333333,
        5.333333333333333
    ],
    "median_score": 2.9711546469504593
}