{
    "iter_1": {
        "patient_id": "12",
        "timestamp": "20250616_225101",
        "schedule_type": "manual",
        "last_param": {
            "a": 0.6949394941329956,
            "b": 0.03644438832998276,
            "c": 1.6563574075698853,
            "error_scale": 0,
            "noise_scale": 0.23372361063957214,
            "sig_offset": -3,
            "sig_slope": 0.2
        },
        "past_outcomes": [
            1.68,
            1.93,
            2.04,
            2.26
        ],
        "past_actions": [
            4,
            3,
            5,
            null
        ],
        "y_init": 2.26,
        "future_actions": [
            1.0666666666666667,
            2.1333333333333333,
            3.2,
            4.266666666666667,
            5.333333333333333,
            6.4,
            7.466666666666667,
            8.533333333333333,
            9.6
        ],
        "max_outcomes": [
            2.2557991998414244,
            2.184531814364121,
            2.093887230145643,
            2.0110565638405347,
            1.9146967109032234,
            1.8320757548649849,
            1.7564112231208182,
            1.6501922803061606,
            1.5731467082338362
        ],
        "min_outcomes": [
            2.027616101244472,
            1.8551539212600698,
            1.6916000263909814,
            1.5337973704728567,
            1.3969923699712878,
            1.2599034881582722,
            1.1458910472051964,
            1.0405661094369154,
            0.949145032043545
        ],
        "median_trajectory": [
            2.251916345708416,
            2.029950328997405,
            2.0002037815909195,
            1.807603749122366,
            1.7422693207406879,
            1.595957240265675,
            1.4444533246266367,
            1.2731496000012987,
            1.169372846141708
        ],
        "median_actions": [
            1.0666666666666667,
            2.1333333333333333,
            3.2,
            4.266666666666667,
            5.333333333333333,
            6.4,
            7.466666666666667,
            8.533333333333333,
            9.6
        ],
        "median_score": 2.8713256696032996
    },
    "iter_2": {
        "patient_id": "12",
        "timestamp": "20250616_225109",
        "schedule_type": "manual",
        "last_param": {
            "a": 0.6949394941329956,
            "b": 0.03644438832998276,
            "c": 1.6563574075698853,
            "error_scale": 0,
            "noise_scale": 0.23372361063957214,
            "sig_offset": -3,
            "sig_slope": 0.2
        },
        "past_outcomes": [
            1.68,
            1.93,
            2.04,
            2.26
        ],
        "past_actions": [
            4,
            3,
            5,
            null
        ],
        "y_init": 2.26,
        "future_actions": [
            9.6,
            8.533333333333333,
            7.466666666666667,
            6.4,
            5.333333333333333,
            4.266666666666667,
            3.2,
            2.1333333333333333,
            1.0666666666666667
        ],
        "max_outcomes": [
            2.3235337980122615,
            2.3089671341112448,
            2.275053082599816,
            2.2258079238971966,
            2.1659128839049284,
            2.069003387958577,
            1.9660028885714804,
            1.8465716421200107,
            1.6824020677479412
        ],
        "min_outcomes": [
            2.094655922059614,
            1.976740430174022,
            1.8405752139339415,
            1.6964763712411273,
            1.5519240186617131,
            1.4203262731616062,
            1.2549030623978692,
            1.1082819424361665,
            0.9816887872360862
        ],
        "median_trajectory": [
            2.1671758831772463,
            2.1363919641209264,
            2.058910419479221,
            1.9229955714984484,
            1.836671269002006,
            1.7530105924383745,
            1.6211074658694569,
            1.473100850141552,
            1.2796368453211848
        ],
        "median_actions": [
            9.6,
            8.533333333333333,
            7.466666666666667,
            6.4,
            5.333333333333333,
            4.266666666666667,
            3.2,
            2.1333333333333333,
            1.0666666666666667
        ],
        "median_score": 3.084488132366935
    },
    "iter_3": {
        "patient_id": "12",
        "timestamp": "20250616_225116",
        "schedule_type": "manual",
        "last_param": {
            "a": 0.6949394941329956,
            "b": 0.03644438832998276,
            "c": 1.6563574075698853,
            "error_scale": 0,
            "noise_scale": 0.23372361063957214,
            "sig_offset": -3,
            "sig_slope": 0.2
        },
        "past_outcomes": [
            1.68,
            1.93,
            2.04,
            2.26
        ],
        "past_actions": [
            4,
            3,
            5,
            null
        ],
        "y_init": 2.26,
        "future_actions": [
            5.333333333333333,
            5.333333333333333,
            5.333333333333333,
            5.333333333333333,
            5.333333333333333,
            5.333333333333333,
            5.333333333333333,
            5.333333333333333,
            5.333333333333333
        ],
        "max_outcomes": [
            2.286562234292961,
            2.2379568486184866,
            2.181365062134297,
            2.120325001303289,
            2.0529389384002137,
            1.9598241587433713,
            1.8493071767252647,
            1.7476147935705946,
            1.6004666347933674
        ],
        "min_outcomes": [
            2.0600061777877663,
            1.9144775913157719,
            1.777236652759818,
            1.634637877135305,
            1.4890802775685452,
            1.3439295543969956,
            1.205281861720123,
            1.0807187989083251,
            0.9579694614626422
        ],
        "median_trajectory": [
            2.106543356107553,
            2.036455872762924,
            2.00792392296757,
            1.956107952258884,
            1.8053206724527293,
            1.6463847244010632,
            1.5283408007340542,
            1.3493460073621564,
            1.2397423071054805
        ],
        "median_actions": [
            5.333333333333333,
            5.333333333333333,
            5.333333333333333,
            5.333333333333333,
            5.333333333333333,
            5.333333333333333,
            5.333333333333333,
            5.333333333333333,
            5.333333333333333
        ],
        "median_score": 2.9814814127924487
    }
}