{
    "iter_1": {
        "patient_id": "unknown",
        "timestamp": "20250616_225057",
        "schedule_type": "recommended",
        "last_param": {
            "a": 0.6949394941329956,
            "b": 0.03644438832998276,
            "c": 1.6563574075698853,
            "noise_scale": 0.23372361063957214,
            "sig_slope": 0.2,
            "sig_offset": -3.0,
            "error_scale": 0.0
        },
        "past_outcomes": [
            1.68,
            1.93,
            2.04,
            2.26
        ],
        "past_actions": [
            4,
            3,
            5,
            null
        ],
        "y_init": 2.26,
        "maxPrediction": [
            2.26,
            2.420128558912622,
            2.5296715317591603,
            2.542591726758059,
            2.4649822639450387,
            2.37168770612444,
            2.2631134616874524,
            2.1561837334084575,
            2.0336293013402926,
            1.8875990171817996
        ],
        "minPrediction": [
            2.26,
            2.182518438333227,
            2.1885835143130286,
            2.0777325151368022,
            1.9138071790258653,
            1.7490567540593172,
            1.56711963204804,
            1.3884273027728948,
            1.2235406405056775,
            1.0658824393679767
        ],
        "meanPrediction": [
            2.26,
            2.2507732247688965,
            2.3486028881828753,
            2.376840238294586,
            2.261553961134835,
            2.028017789955443,
            1.824160727304811,
            1.5888154379284662,
            1.4924665317895236,
            1.409594847140678
        ],
        "dosage": [
            20,
            20,
            8,
            0,
            0,
            0,
            0,
            0,
            0,
            0
        ]
    },
    "iter_2": {
        "patient_id": "unknown",
        "timestamp": "20250616_225105",
        "schedule_type": "recommended",
        "last_param": {
            "a": 0.6949394941329956,
            "b": 0.03644438832998276,
            "c": 1.6563574075698853,
            "noise_scale": 0.23372361063957214,
            "sig_slope": 0.2,
            "sig_offset": -3.0,
            "error_scale": 0.0
        },
        "past_outcomes": [
            1.68,
            1.93,
            2.04,
            2.26
        ],
        "past_actions": [
            4,
            3,
            5,
            null
        ],
        "y_init": 2.26,
        "maxPrediction": [
            2.26,
            2.4224564091056364,
            2.536055990411805,
            2.5328882501953482,
            2.46262680551827,
            2.3583326759298724,
            2.2685715612644164,
            2.1363611711141863,
            2.005842070256982,
            1.888547102962706
        ],
        "minPrediction": [
            2.26,
            2.192669524685453,
            2.200891670023242,
            2.0982315346866063,
            1.9247029430885858,
            1.7386089040901693,
            1.5642730527868511,
            1.3830415131177562,
            1.2148740610386082,
            1.0594955254842904
        ],
        "meanPrediction": [
            2.26,
            2.2205639923831004,
            2.2814706957876685,
            2.2935284772793225,
            2.2399559693949787,
            2.055603121780418,
            1.912285074121694,
            1.7070970157460792,
            1.6114492259186999,
            1.4314532376390434
        ],
        "dosage": [
            20,
            20,
            8,
            0,
            0,
            0,
            0,
            0,
            0,
            0
        ]
    },
    "iter_3": {
        "patient_id": "unknown",
        "timestamp": "20250616_225113",
        "schedule_type": "recommended",
        "last_param": {
            "a": 0.6949394941329956,
            "b": 0.03644438832998276,
            "c": 1.6563574075698853,
            "noise_scale": 0.23372361063957214,
            "sig_slope": 0.2,
            "sig_offset": -3.0,
            "error_scale": 0.0
        },
        "past_outcomes": [
            1.68,
            1.93,
            2.04,
            2.26
        ],
        "past_actions": [
            4,
            3,
            5,
            null
        ],
        "y_init": 2.26,
        "maxPrediction": [
            2.26,
            2.4222073345916497,
            2.5268138583415563,
            2.532340114567014,
            2.4544052479774576,
            2.345594691064887,
            2.239775895031149,
            2.123823418830608,
            1.9834320496141193,
            1.8544472453026724
        ],
        "minPrediction": [
            2.26,
            2.194748761583381,
            2.192382213603552,
            2.1011144015569525,
            1.9230696847564073,
            1.7467368657354325,
            1.558991890313865,
            1.3867641328560367,
            1.2150658177356388,
            1.0582530741532434
        ],
        "meanPrediction": [
            2.26,
            2.3071570464364823,
            2.298784385015012,
            2.2086964583250137,
            2.1202628026184493,
            1.9977971814325646,
            1.8257684243217456,
            1.6972988725014757,
            1.5828852381238148,
            1.4217258493891287
        ],
        "dosage": [
            20,
            20,
            8,
            0,
            0,
            0,
            0,
            0,
            0,
            0
        ]
    }
}