{
    "patient_id": "12",
    "timestamp": "20250616_180241",
    "schedule_type": "recommended",
    "last_param": {
        "a": 0.6949394941329956,
        "b": 0.03644438832998276,
        "c": 1.6563574075698853,
        "noise_scale": 0.23372361063957214,
        "sig_slope": 0.2,
        "sig_offset": -3.0,
        "error_scale": 0.0
    },
    "past_outcomes": [
        1.68,
        1.93,
        2.04,
        2.26
    ],
    "past_actions": [
        4,
        3,
        5,
        null
    ],
    "y_init": 2.26,
    "maxPrediction": [
        2.26,
        2.4234706530231223,
        2.540885249575283,
        2.5356722570227355,
        2.47120397936931,
        2.386404470445491,
        2.3012215127603715,
        2.163670814666017,
        2.035740220951373,
        1.8835901765483454
    ],
    "minPrediction": [
        2.26,
        2.1983148118856324,
        2.1997464309087573,
        2.093332487774617,
        1.9078780469104943,
        1.7488444132205192,
        1.560907731624704,
        1.3955720296107803,
        1.2248157992118618,
        1.0714742200656329
    ],
    "meanPrediction": [
        2.26,
        2.34955878339311,
        2.400018159779973,
        2.4023011122737334,
        2.2242184914765497,
        2.1009659730713186,
        1.8113028037249268,
        1.6567639409327626,
        1.5014048995813567,
        1.3840750531878907
    ],
    "dosage": [
        20,
        20,
        8,
        0,
        0,
        0,
        0,
        0,
        0,
        0
    ]
}