{
  "iter_1": {
    "patient_id": "unknown",
    "timestamp": "20250616_225057",
    "schedule_type": "recommended",
    "last_param": {
      "a": 0.6949394941329956,
      "b": 0.03644438832998276,
      "c": 1.6563574075698853,
      "noise_scale": 0.23372361063957214,
      "sig_slope": 0.2,
      "sig_offset": -3.0,
      "error_scale": 0.0
    },
    "past_outcomes": [
      1.68,
      1.93,
      2.04,
      2.26
    ],
    "past_actions": [
      4,
      3,
      5,
      null
    ],
    "y_init": 2.26,
    "maxPrediction": [
      2.26,
      2.4873543522157506,
      2.6702088390791134,
      2.7544743706545636,
      2.738869182161154,
      2.701088776419501,
      2.6402990386353613,
      2.5754416815712133,
      2.485546923860358,
      2.3594987714772495
    ],
    "minPrediction": [
      2.26,
      2.24314395050915,
      2.310171487330419,
      2.2508768913982022,
      2.12645242113985,
      1.9919813032342224,
      1.8283062373893801,
      1.658399278312069,
      1.4954385606180502,
      1.3323530492099709
    ],
    "meanPrediction": [
      2.26,
      2.3132947032346993,
      2.4790808264152573,
      2.574910258152468,
      2.512837734594261,
      2.3096869274492544,
      2.128187515188946,
      1.8977517730812237,
      1.8241257610760844,
      1.7619935589258475
    ],
    "dosage": [
      20,
      20,
      8,
      0,
      0,
      0,
      0,
      0,
      0,
      0
    ]
  },
  "iter_2": {
    "patient_id": "unknown",
    "timestamp": "20250616_225105",
    "schedule_type": "recommended",
    "last_param": {
      "a": 0.701,
      "b": -0.002,
      "c": 1.648,
      "noise_scale": 0.23372361063957214,
      "sig_slope": 0.2,
      "sig_offset": -3.0,
      "error_scale": 0.0
    },
    "past_outcomes": [
      1.68,
      1.93,
      2.04,
      2.26
    ],
    "past_actions": [
      4,
      3,
      5,
      null
    ],
    "y_init": 2.26,
    "maxPrediction": [
      2.26,
      2.4897468649141263,
      2.6769479898791277,
      2.7439622710449605,
      2.7362520061314113,
      2.6858788809201326,
      2.6466668214751525,
      2.551764732164167,
      2.451584752536311,
      2.3606838787033824
    ],
    "minPrediction": [
      2.26,
      2.253577011482271,
      2.323163429468978,
      2.273084162577157,
      2.138558825653984,
      1.9800823629915818,
      1.8249852282513261,
      1.6519662517795421,
      1.4848460746027432,
      1.324369406855363
    ],
    "meanPrediction": [
      2.26,
      2.282246325504853,
      2.4082190677758724,
      2.484655850385933,
      2.488839965994421,
      2.3411035553610313,
      2.230999253141976,
      2.0390325465855947,
      1.969549053900633,
      1.7893165470488044
    ],
    "dosage": [
      20,
      20,
      8,
      0,
      0,
      0,
      0,
      0,
      0,
      0
    ]
  },
  "iter_3": {
    "patient_id": "unknown",
    "timestamp": "20250616_225113",
    "schedule_type": "recommended",
    "last_param": {
      "a": 0.676,
      "b": 0.053,
      "c": 1.649,
      "noise_scale": 0.23372361063957214,
      "sig_slope": 0.2,
      "sig_offset": -3.0,
      "error_scale": 0.0
    },
    "past_outcomes": [
      1.68,
      1.93,
      2.04,
      2.26
    ],
    "past_actions": [
      4,
      3,
      5,
      null
    ],
    "y_init": 2.26,
    "maxPrediction": [
      2.26,
      2.48949087166364,
      2.667192406027198,
      2.7433684574475987,
      2.727116942197175,
      2.6713717314905656,
      2.6130718775363406,
      2.5367890836032263,
      2.424194727306146,
      2.3180590566283406
    ],
    "minPrediction": [
      2.26,
      2.255714004960697,
      2.314181225470416,
      2.276207268353365,
      2.136744094173786,
      1.989339208198687,
      1.8188238720328425,
      1.6564127142447105,
      1.485080443899114,
      1.3228163426915542
    ],
    "meanPrediction": [
      2.26,
      2.371244742170829,
      2.426494628626957,
      2.392754496518765,
      2.355847558464944,
      2.2752690121870875,
      2.130063161708703,
      2.0273292088212074,
      1.9346375132624403,
      1.7771573117364108
    ],
    "dosage": [
      20,
      20,
      8,
      0,
      0,
      0,
      0,
      0,
      0,
      0
    ]
  }
}