{
    "iter_1": {
        "patient_id": "unknown",
        "timestamp": "20250617_123516",
        "schedule_type": "recommended",
        "last_param": {
            "a": 0.6681894063949585,
            "b": 0.025040602311491966,
            "c": 1.9345828294754028,
            "noise_scale": 0.606018602848053,
            "sig_slope": 0.2,
            "sig_offset": -3.0,
            "error_scale": 0.0
        },
        "past_outcomes": [
            2.155,
            2.701,
            2.966,
            2.539,
            3.068
        ],
        "past_actions": [
            7,
            3,
            2,
            3,
            null
        ],
        "y_init": 3.068,
        "maxPrediction": [
            3.068,
            3.4861341182946535,
            3.7635800208657377,
            3.975799559797737,
            4.11967948596553,
            4.2317165774917544,
            4.3065020182046645
        ],
        "minPrediction": [
            3.068,
            2.9644707921017694,
            3.0079285749834463,
            3.09560763414847,
            3.088392435826899,
            3.115754367500644,
            3.1502593949417337
        ],
        "meanPrediction": [
            3.068,
            3.3484352332487037,
            3.5493627406922683,
            3.8958965046293215,
            3.930069586015317,
            3.8135092573045526,
            3.755872624020471
        ],
        "dosage": [
            20,
            20,
            20,
            5,
            0,
            0,
            0
        ]
    },
    "iter_2": {
        "patient_id": "unknown",
        "timestamp": "20250617_123519",
        "schedule_type": "recommended",
        "last_param": {
            "a": 0.6681894063949585,
            "b": 0.025040602311491966,
            "c": 1.9345828294754028,
            "noise_scale": 0.606018602848053,
            "sig_slope": 0.2,
            "sig_offset": -3.0,
            "error_scale": 0.0
        },
        "past_outcomes": [
            2.155,
            2.701,
            2.966,
            2.539,
            3.068
        ],
        "past_actions": [
            7,
            3,
            2,
            3,
            null
        ],
        "y_init": 3.068,
        "maxPrediction": [
            3.068,
            3.468538567764337,
            3.7514465432522788,
            3.9498111581713493,
            4.085814772699144,
            4.217541537601657,
            4.288525831121186
        ],
        "minPrediction": [
            3.068,
            2.953939117242561,
            2.983271565487976,
            3.061804662940585,
            3.0855128558145206,
            3.0765912156362236,
            3.097565416964212
        ],
        "meanPrediction": [
            3.068,
            3.1027275077493193,
            3.474085828703542,
            3.638863819985448,
            3.7576441273632404,
            3.7275314675882774,
            3.8236853545295095
        ],
        "dosage": [
            20,
            20,
            20,
            5,
            0,
            0,
            0
        ]
    },
    "iter_3": {
        "patient_id": "unknown",
        "timestamp": "20250617_123521",
        "schedule_type": "recommended",
        "last_param": {
            "a": 0.6681894063949585,
            "b": 0.025040602311491966,
            "c": 1.9345828294754028,
            "noise_scale": 0.606018602848053,
            "sig_slope": 0.2,
            "sig_offset": -3.0,
            "error_scale": 0.0
        },
        "past_outcomes": [
            2.155,
            2.701,
            2.966,
            2.539,
            3.068
        ],
        "past_actions": [
            7,
            3,
            2,
            3,
            null
        ],
        "y_init": 3.068,
        "maxPrediction": [
            3.068,
            3.4905229333960692,
            3.756845438504463,
            3.9930049791334126,
            4.1230332441966535,
            4.200801901881157,
            4.309020547608694
        ],
        "minPrediction": [
            3.068,
            2.9528580634143817,
            2.988929337574075,
            3.0890623335434,
            3.0805903137069253,
            3.063557674888705,
            3.0416358178238228
        ],
        "meanPrediction": [
            3.068,
            3.167107598706523,
            3.4566137967002017,
            3.6337767885475447,
            3.8496524567655803,
            3.9585952064661063,
            3.787562390223824
        ],
        "dosage": [
            20,
            20,
            20,
            5,
            0,
            0,
            0
        ]
    },
    "iter_4": {
        "patient_id": "unknown",
        "timestamp": "20250617_123524",
        "schedule_type": "recommended",
        "last_param": {
            "a": 0.6681894063949585,
            "b": 0.025040602311491966,
            "c": 1.9345828294754028,
            "noise_scale": 0.606018602848053,
            "sig_slope": 0.2,
            "sig_offset": -3.0,
            "error_scale": 0.0
        },
        "past_outcomes": [
            2.155,
            2.701,
            2.966,
            2.539,
            3.068
        ],
        "past_actions": [
            7,
            3,
            2,
            3,
            null
        ],
        "y_init": 3.068,
        "maxPrediction": [
            3.068,
            3.486228026676468,
            3.7418624863190573,
            3.965054947419289,
            4.095993454030383,
            4.207692399914242,
            4.2961982816736795
        ],
        "minPrediction": [
            3.068,
            2.9524849020090906,
            2.9998298963178103,
            3.0901578071306974,
            3.1053527774197502,
            3.0819191392999667,
            3.064344613703048
        ],
        "meanPrediction": [
            3.068,
            3.309094154719361,
            3.513715334963114,
            3.703169140110804,
            3.7659661026422118,
            3.8007014971939705,
            3.7736495124855125
        ],
        "dosage": [
            20,
            20,
            20,
            5,
            0,
            0,
            0
        ]
    },
    "iter_5": {
        "patient_id": "unknown",
        "timestamp": "20250617_123526",
        "schedule_type": "recommended",
        "last_param": {
            "a": 0.6681894063949585,
            "b": 0.025040602311491966,
            "c": 1.9345828294754028,
            "noise_scale": 0.606018602848053,
            "sig_slope": 0.2,
            "sig_offset": -3.0,
            "error_scale": 0.0
        },
        "past_outcomes": [
            2.155,
            2.701,
            2.966,
            2.539,
            3.068
        ],
        "past_actions": [
            7,
            3,
            2,
            3,
            null
        ],
        "y_init": 3.068,
        "maxPrediction": [
            3.068,
            3.481927621945059,
            3.780764494109384,
            4.001773215232294,
            4.11350249049403,
            4.2186825803274335,
            4.297025429477922
        ],
        "minPrediction": [
            3.068,
            2.9596873233409617,
            3.0121998709161146,
            3.0740137856637064,
            3.1242234580053228,
            3.1417738064472567,
            3.16383562756521
        ],
        "meanPrediction": [
            3.068,
            3.179647519395786,
            3.2718734717458213,
            3.483988324047837,
            3.6045457257377365,
            3.7833328567299502,
            3.9239237183859785
        ],
        "dosage": [
            20,
            20,
            20,
            5,
            0,
            0,
            0
        ]
    },
    "iter_6": {
        "patient_id": "unknown",
        "timestamp": "20250617_123528",
        "schedule_type": "recommended",