{
    "iter_1": {
        "patient_id": "unknown",
        "timestamp": "20250617_165828",
        "schedule_type": "recommended",
        "last_param": {
            "a": 0.7337997555732727,
            "b": 0.016810033470392227,
            "c": 1.5902167558670044,
            "noise_scale": 0.45778888463974,
            "sig_slope": 0.2,
            "sig_offset": -3.0,
            "error_scale": 0.0
        },
        "past_outcomes": [
            2,
            2,
            2.2,
            2.5
        ],
        "past_actions": [
            5,
            0,
            5,
            null
        ],
        "y_init": 2.5,
        "maxPrediction": [
            2.5,
            2.805258132098882,
            2.994172815361077,
            3.155704846493709,
            3.2478050669244527,
            3.3887261194618032,
            3.5189649237180403,
            3.6551005713900127,
            3.7797602587938846,
            3.88833661377451
        ],
        "minPrediction": [
            2.5,
            2.35603117946127,
            2.3330447373367673,
            2.29545941376884,
            2.226200737789765,
            2.1629164156485507,
            2.070993791314947,
            1.9644250116795665,
            1.891645333340168,
            1.829035898381842
        ],
        "meanPrediction": [
            2.5,
            2.605364510288731,
            2.7092757588660996,
            2.8706076578056465,
            2.854501194007474,
            2.758339135860771,
            2.7697612455805483,
            2.676335505808182,
            2.8279422305567197,
            2.9141878845146847
        ],
        "dosage": [
            20,
            20,
            10,
            0,
            0,
            0,
            0,
            0,
            0,
            0
        ]
    },
    "iter_2": {
        "patient_id": "unknown",
        "timestamp": "20250617_165832",
        "schedule_type": "recommended",
        "last_param": {
            "a": 0.7337997555732727,
            "b": 0.016810033470392227,
            "c": 1.5902167558670044,
            "noise_scale": 0.45778888463974,
            "sig_slope": 0.2,
            "sig_offset": -3.0,
            "error_scale": 0.0
        },
        "past_outcomes": [
            2,
            2,
            2.2,
            2.5
        ],
        "past_actions": [
            5,
            0,
            5,
            null
        ],
        "y_init": 2.5,
        "maxPrediction": [
            2.5,
            2.791542558204807,
            2.9896092774795884,
            3.1537029744514773,
            3.284113501080552,
            3.3749836584043478,
            3.5176341395030777,
            3.6397732875202635,
            3.7460927218143576,
            3.84898312689822
        ],
        "minPrediction": [
            2.5,
            2.358141535355294,
            2.3292974587385236,
            2.260842165962282,
            2.1895803399570397,
            2.1134850598666435,
            2.0161067255190095,
            1.9114865155509198,
            1.819777376928696,
            1.720535559928226
        ],
        "meanPrediction": [
            2.5,
            2.7891908926876385,
            2.9268603760278893,
            2.979198255296904,
            2.973552312280376,
            2.8850587094323776,
            2.9787075086562482,
            2.7787523629535964,
            2.797411562423518,
            2.8448714859576567
        ],
        "dosage": [
            20,
            20,
            10,
            0,
            0,
            0,
            0,
            0,
            0,
            0
        ]
    },
    "iter_3": {
        "patient_id": "unknown",
        "timestamp": "20250617_165835",
        "schedule_type": "recommended",
        "last_param": {
            "a": 0.7337997555732727,
            "b": 0.016810033470392227,
            "c": 1.5902167558670044,
            "noise_scale": 0.45778888463974,
            "sig_slope": 0.2,
            "sig_offset": -3.0,
            "error_scale": 0.0
        },
        "past_outcomes": [
            2,
            2,
            2.2,
            2.5
        ],
        "past_actions": [
            5,
            0,
            5,
            null
        ],
        "y_init": 2.5,
        "maxPrediction": [
            2.5,
            2.8014051654877914,
            2.9785960652179133,
            3.125633275695202,
            3.285844969022404,
            3.3682076815440225,
            3.491266575255904,
            3.6000026878395404,
            3.7442335515896366,
            3.844585487784136
        ],
        "minPrediction": [
            2.5,
            2.357617021411737,
            2.3180607317660833,
            2.280692534198844,
            2.2140190687035552,
            2.1207698542744393,
            2.029315062662304,
            1.875046643616251,
            1.7693808766640349,
            1.6548679638112813
        ],
        "meanPrediction": [
            2.5,
            2.6070015659922814,
            2.573707997891454,
            2.7047104535049495,
            2.752595973624446,
            2.7047480364148675,
            2.6915864658843476,
            2.6229907330968953,
            2.8396228269500616,
            2.94394003985605
        ],
        "dosage": [
            20,
            20,
            10,
            0,
            0,
            0,
            0,
            0,
            0,
            0
        ]
    },
    "iter_4": {
        "patient_id": "unknown",
        "timestamp": "20250617_165838",
        "schedule_type": "recommended",
        "last_param": {
            "a": 0.7337997555732727,
            "b": 0.016810033470392227,
            "c": 1.5902167558670044,
            "noise_scale": 0.45778888463974,
            "sig_slope": 0.2,
            "sig_offset": -3.0,
            "error_scale": 0.0
        },
        "past_outcomes": [
            2,
            2,
            2.2,
            2.5
        ],
        "past_actions": [
            5,
            0,
            5,
            null
        ],
        "y_init": 2.5,
        "maxPrediction": [
            2.5,
            2.8041432651105347,
            2.987101229393846,
            3.1534708761162284,
            3.269486978482728,
            3.3717582367842067,
            3.492143024413733,
            3.6117247315959213,
            3.7179473073932154,
            3.8519816983502118
        ],
        "minPrediction": [
            2.5,
            2.3598047733160574,
            2.340888937132148,
            2.2881152674037133,
            2.2204990321270395,
            2.0914648940761924,
            2.0229372099714054,
            1.8998213300341875,
            1.8193584209270877,
            1.68558840287569
        ],
        "meanPrediction": [
            2.5,
            2.5399463949157806,
            2.680212876461183,
            2.8442612795823816,
            2.824613771103959,
            2.753731408795737,
            2.834410432635574,
            2.903435789510773,
            2.879365310734974,
            2.8730373606422566
        ],
        "dosage": [
            20,
            20,
            10,
            0,
            0,
            0,
            0,
            0,
            0,
            0
        ]
    },
    "iter_5": {
        "patient_id": "unknown",
        "timestamp": "20250617_165841",
        "schedule_type": "recommended",
        "last_param": {
            "a": 0.7337997555732727,
            "b": 0.016810033470392227,
            "c": 1.5902167558670044,
            "noise_scale": 0.45778888463974,
            "sig_slope": 0.2,
            "sig_offset": -3.0,
            "error_scale": 0.0
        },
        "past_outcomes": [
            2,
            2,
            2.2,
            2.5
        ],
        "past_actions": [
            5,
            0,
            5,
            null
        ],