{
    "iter_1": {
        "patient_id": "unknown",
        "timestamp": "20250617_124045",
        "schedule_type": "recommended",
        "last_param": {
            "a": 0.6681894063949585,
            "b": 0.025040602311491966,
            "c": 1.9345828294754028,
            "noise_scale": 0.606018602848053,
            "sig_slope": 0.2,
            "sig_offset": -3.0,
            "error_scale": 0.0
        },
        "past_outcomes": [
            2.155,
            2.701,
            2.966,
            2.539,
            3.068
        ],
        "past_actions": [
            7,
            3,
            2,
            3,
            null
        ],
        "y_init": 3.068,
        "maxPrediction": [
            3.068,
            3.497372235890306,
            3.755163622382793,
            3.9721411487061626,
            4.12506631034461,
            4.20845579475929,
            4.292753396216993
        ],
        "minPrediction": [
            3.068,
            2.9373539777784092,
            2.9800664975793305,
            3.0935683013778865,
            3.0627151684463647,
            3.073560883202049,
            3.058793775093588
        ],
        "meanPrediction": [
            3.068,
            3.1958329145851843,
            3.330015667899338,
            3.510788462706904,
            3.6348730825936837,
            3.6620072107960384,
            3.8912824452337165
        ],
        "dosage": [
            20,
            20,
            20,
            5,
            0,
            0,
            0
        ]
    },
    "iter_2": {
        "patient_id": "unknown",
        "timestamp": "20250617_124048",
        "schedule_type": "recommended",
        "last_param": {
            "a": 0.6681894063949585,
            "b": 0.025040602311491966,
            "c": 1.9345828294754028,
            "noise_scale": 0.606018602848053,
            "sig_slope": 0.2,
            "sig_offset": -3.0,
            "error_scale": 0.0
        },
        "past_outcomes": [
            2.155,
            2.701,
            2.966,
            2.539,
            3.068
        ],
        "past_actions": [
            7,
            3,
            2,
            3,
            null
        ],
        "y_init": 3.068,
        "maxPrediction": [
            3.068,
            3.5014975391624517,
            3.777411670509504,
            3.993994394215924,
            4.114464291011713,
            4.2233252186679,
            4.295789165556346
        ],
        "minPrediction": [
            3.068,
            2.959871812291223,
            2.9915303039688865,
            3.064903566620275,
            3.1347482339217314,
            3.1282601993614763,
            3.121045418043881
        ],
        "meanPrediction": [
            3.068,
            3.0820468851217013,
            3.479833674379542,
            3.589964919495756,
            3.713221184656221,
            3.818000819759824,
            3.855845612204692
        ],
        "dosage": [
            20,
            20,
            20,
            5,
            0,
            0,
            0
        ]
    },
    "iter_3": {
        "patient_id": "unknown",
        "timestamp": "20250617_124050",
        "schedule_type": "recommended",
        "last_param": {
            "a": 0.6681894063949585,
            "b": 0.025040602311491966,
            "c": 1.9345828294754028,
            "noise_scale": 0.606018602848053,
            "sig_slope": 0.2,
            "sig_offset": -3.0,
            "error_scale": 0.0
        },
        "past_outcomes": [
            2.155,
            2.701,
            2.966,
            2.539,
            3.068
        ],
        "past_actions": [
            7,
            3,
            2,
            3,
            null
        ],
        "y_init": 3.068,
        "maxPrediction": [
            3.068,
            3.4908745147576186,
            3.7642450157130027,
            3.9885492576338875,
            4.111108783259065,
            4.234057667063351,
            4.317793532382734
        ],
        "minPrediction": [
            3.068,
            2.9529421113095187,
            2.973179828851189,
            3.0511883905155655,
            3.045297416402474,
            3.0809978214573053,
            3.0586850564716968
        ],
        "meanPrediction": [
            3.068,
            3.1593851403649826,
            3.35158246114954,
            3.634392350254565,
            3.72364087128412,
            3.69051349022464,
            3.858112556869547
        ],
        "dosage": [
            20,
            20,
            20,
            5,
            0,
            0,
            0
        ]
    },
    "iter_4": {
        "patient_id": "unknown",
        "timestamp": "20250617_124052",
        "schedule_type": "recommended",
        "last_param": {
            "a": 0.6681894063949585,
            "b": 0.025040602311491966,
            "c": 1.9345828294754028,
            "noise_scale": 0.606018602848053,
            "sig_slope": 0.2,
            "sig_offset": -3.0,
            "error_scale": 0.0
        },
        "past_outcomes": [
            2.155,
            2.701,
            2.966,
            2.539,
            3.068
        ],
        "past_actions": [
            7,
            3,
            2,
            3,
            null
        ],
        "y_init": 3.068,
        "maxPrediction": [
            3.068,
            3.4934814344840706,
            3.7612665179808684,
            3.9676450855107355,
            4.116042804687968,
            4.2275876875622895,
            4.301312672724422
        ],
        "minPrediction": [
            3.068,
            2.9603663373245688,
            2.993722258829566,
            3.0833602122699033,
            3.093949818386953,
            3.044729650463104,
            3.0429530392834927
        ],
        "meanPrediction": [
            3.068,
            3.2753964113098593,
            3.2671021611235256,
            3.6156301880993085,
            3.6661140349837344,
            3.733606297641658,
            3.8661056016900073
        ],
        "dosage": [
            20,
            20,
            20,
            5,
            0,
            0,
            0
        ]
    },
    "iter_5": {
        "patient_id": "unknown",
        "timestamp": "20250617_124055",
        "schedule_type": "recommended",
        "last_param": {
            "a": 0.6681894063949585,
            "b": 0.025040602311491966,
            "c": 1.9345828294754028,
            "noise_scale": 0.606018602848053,
            "sig_slope": 0.2,
            "sig_offset": -3.0,
            "error_scale": 0.0
        },
        "past_outcomes": [
            2.155,
            2.701,
            2.966,
            2.539,
            3.068
        ],
        "past_actions": [
            7,
            3,
            2,
            3,
            null
        ],
        "y_init": 3.068,
        "maxPrediction": [
            3.068,
            3.490522462514588,
            3.789476405123323,
            3.9863607720227123,
            4.117638498902033,
            4.231205223688486,
            4.313501785658497
        ],
        "minPrediction": [
            3.068,
            2.9639637157766567,
            3.0045524713749856,
            3.079529213631418,
            3.097595145977974,
            3.0898873798037556,
            3.1208113437186276
        ],
        "meanPrediction": [
            3.068,
            3.1546799400768895,
            3.362286834619664,
            3.490358219395171,
            3.72292727568236,
            3.743917180561839,
            3.863258187643877
        ],
        "dosage": [
            20,
            20,
            20,
            5,
            0,
            0,
            0
        ]
    },
    "iter_6": {
        "patient_id": "unknown",
        "timestamp": "20250617_124057",
        "schedule_type": "recommended",