{
    "iter_1": {
        "patient_id": "unknown",
        "timestamp": "20250617_124225",
        "schedule_type": "recommended",
        "last_param": {
            "a": 0.6681894063949585,
            "b": 0.025040602311491966,
            "c": 1.9345828294754028,
            "noise_scale": 0.606018602848053,
            "sig_slope": 0.2,
            "sig_offset": -3.0,
            "error_scale": 0.0
        },
        "past_outcomes": [
            2.155,
            2.701,
            2.966,
            2.539,
            3.068
        ],
        "past_actions": [
            7,
            3,
            2,
            3,
            null
        ],
        "y_init": 3.068,
        "maxPrediction": [
            3.068,
            3.491845380205386,
            3.7727040754862085,
            4.0021518864914825,
            4.128275867490738,
            4.214750262143817,
            4.30377048283969
        ],
        "minPrediction": [
            3.068,
            2.9436621208952376,
            2.9959143837393305,
            3.0384308598313843,
            3.050650995009699,
            3.0856519438210355,
            3.07863325098976
        ],
        "meanPrediction": [
            3.068,
            2.945567702788577,
            3.3445611218881615,
            3.532128665578366,
            3.5406765439961267,
            3.6769052515501737,
            3.9181914330112106
        ],
        "dosage": [
            20,
            20,
            20,
            5,
            0,
            0,
            0
        ]
    },
    "iter_2": {
        "patient_id": "unknown",
        "timestamp": "20250617_124228",
        "schedule_type": "recommended",
        "last_param": {
            "a": 0.6681894063949585,
            "b": 0.025040602311491966,
            "c": 1.9345828294754028,
            "noise_scale": 0.606018602848053,
            "sig_slope": 0.2,
            "sig_offset": -3.0,
            "error_scale": 0.0
        },
        "past_outcomes": [
            2.155,
            2.701,
            2.966,
            2.539,
            3.068
        ],
        "past_actions": [
            7,
            3,
            2,
            3,
            null
        ],
        "y_init": 3.068,
        "maxPrediction": [
            3.068,
            3.4912107368130547,
            3.7510739653194114,
            3.992098803637507,
            4.122584412801184,
            4.215380905436656,
            4.2925242453580905
        ],
        "minPrediction": [
            3.068,
            2.946823825870006,
            3.005276102837763,
            3.0608643442206693,
            3.03093175778658,
            3.003698294803033,
            2.978318837380412
        ],
        "meanPrediction": [
            3.068,
            3.316432473899404,
            3.361207319736033,
            3.4477365315777826,
            3.5143792679884713,
            3.5659326097351935,
            3.878427237990923
        ],
        "dosage": [
            20,
            20,
            20,
            5,
            0,
            0,
            0
        ]
    },
    "iter_3": {
        "patient_id": "unknown",
        "timestamp": "20250617_124230",
        "schedule_type": "recommended",
        "last_param": {
            "a": 0.6681894063949585,
            "b": 0.025040602311491966,
            "c": 1.9345828294754028,
            "noise_scale": 0.606018602848053,
            "sig_slope": 0.2,
            "sig_offset": -3.0,
            "error_scale": 0.0
        },
        "past_outcomes": [
            2.155,
            2.701,
            2.966,
            2.539,
            3.068
        ],
        "past_actions": [
            7,
            3,
            2,
            3,
            null
        ],
        "y_init": 3.068,
        "maxPrediction": [
            3.068,
            3.507192335681793,
            3.746424659864039,
            3.9854566893122634,
            4.109087329646996,
            4.231632528699423,
            4.30198506380336
        ],
        "minPrediction": [
            3.068,
            2.964316279828074,
            2.9975366128566434,
            3.060177734847422,
            3.091735259116895,
            3.102937793310037,
            3.0745613655583757
        ],
        "meanPrediction": [
            3.068,
            3.3333697277209797,
            3.4273720691491283,
            3.4968339307785645,
            3.647064948832321,
            3.601398520751867,
            3.892019665220665
        ],
        "dosage": [
            20,
            20,
            20,
            5,
            0,
            0,
            0
        ]
    },
    "iter_4": {
        "patient_id": "unknown",
        "timestamp": "20250617_124233",
        "schedule_type": "recommended",
        "last_param": {
            "a": 0.6681894063949585,
            "b": 0.025040602311491966,
            "c": 1.9345828294754028,
            "noise_scale": 0.606018602848053,
            "sig_slope": 0.2,
            "sig_offset": -3.0,
            "error_scale": 0.0
        },
        "past_outcomes": [
            2.155,
            2.701,
            2.966,
            2.539,
            3.068
        ],
        "past_actions": [
            7,
            3,
            2,
            3,
            null
        ],
        "y_init": 3.068,
        "maxPrediction": [
            3.068,
            3.4898805742114782,
            3.746171726063811,
            3.991645380446244,
            4.141649811448984,
            4.211638820872616,
            4.314515669292141
        ],
        "minPrediction": [
            3.068,
            2.983253015627887,
            3.000598572584156,
            3.1018509316707363,
            3.119661787084627,
            3.0667214564054346,
            3.0736851492355126
        ],
        "meanPrediction": [
            3.068,
            3.269518091920645,
            3.5830454419846642,
            3.829393128795704,
            3.931669837302214,
            3.8272003389065383,
            3.740771982507094
        ],
        "dosage": [
            20,
            20,
            20,
            5,
            0,
            0,
            0
        ]
    },
    "iter_5": {
        "patient_id": "unknown",
        "timestamp": "20250617_124236",
        "schedule_type": "recommended",
        "last_param": {
            "a": 0.6681894063949585,
            "b": 0.025040602311491966,
            "c": 1.9345828294754028,
            "noise_scale": 0.606018602848053,
            "sig_slope": 0.2,
            "sig_offset": -3.0,
            "error_scale": 0.0
        },
        "past_outcomes": [
            2.155,
            2.701,
            2.966,
            2.539,
            3.068
        ],
        "past_actions": [
            7,
            3,
            2,
            3,
            null
        ],
        "y_init": 3.068,
        "maxPrediction": [
            3.068,
            3.489479584623029,
            3.7584951191184794,
            3.996753529158347,
            4.118253770792702,
            4.207589641253243,
            4.308541028683761
        ],
        "minPrediction": [
            3.068,
            2.95422034899038,
            3.026259971355485,
            3.0797087358533153,
            3.1208101947464786,
            3.1185672723800715,
            3.1788037623051193
        ],
        "meanPrediction": [
            3.068,
            3.332945549900022,
            3.5411453492195926,
            3.702015639702804,
            3.8381317145689433,
            3.83317734217903,
            3.7648876986282183
        ],
        "dosage": [
            20,
            20,
            20,
            5,
            0,
            0,
            0
        ]
    },
    "iter_6": {
        "patient_id": "unknown",
        "timestamp": "20250617_124326",
        "schedule_type": "recommended",