{
    "iter_1": {
        "patient_id": "unknown",
        "timestamp": "20250617_124903",
        "schedule_type": "recommended",
        "last_param": {
            "a": 0.6681894063949585,
            "b": 0.025040602311491966,
            "c": 1.9345828294754028,
            "noise_scale": 0.606018602848053,
            "sig_slope": 0.2,
            "sig_offset": -3.0,
            "error_scale": 0.0
        },
        "past_outcomes": [
            2.155,
            2.701,
            2.966,
            2.539,
            3.068
        ],
        "past_actions": [
            7,
            3,
            2,
            3,
            null
        ],
        "y_init": 3.068,
        "maxPrediction": [
            3.068,
            3.4878816512884665,
            3.7408154613610596,
            3.970130858782865,
            4.113927698336321,
            4.217635686516036,
            4.294009738213892
        ],
        "minPrediction": [
            3.068,
            2.937788277481612,
            2.9603985202077396,
            3.0240636719770064,
            2.9970467383437396,
            3.0231653948588972,
            3.001847850996721
        ],
        "meanPrediction": [
            3.068,
            3.187714683770093,
            3.5449440894328315,
            3.51830981952575,
            3.8062103579582605,
            3.7481431713509044,
            3.809796847190818
        ],
        "dosage": [
            20,
            20,
            20,
            5,
            0,
            0,
            0
        ]
    },
    "iter_2": {
        "patient_id": "unknown",
        "timestamp": "20250617_124906",
        "schedule_type": "recommended",
        "last_param": {
            "a": 0.6681894063949585,
            "b": 0.025040602311491966,
            "c": 1.9345828294754028,
            "noise_scale": 0.606018602848053,
            "sig_slope": 0.2,
            "sig_offset": -3.0,
            "error_scale": 0.0
        },
        "past_outcomes": [
            2.155,
            2.701,
            2.966,
            2.539,
            3.068
        ],
        "past_actions": [
            7,
            3,
            2,
            3,
            null
        ],
        "y_init": 3.068,
        "maxPrediction": [
            3.068,
            3.4669056641818594,
            3.7400530735084727,
            3.9856247366506055,
            4.09792240800711,
            4.223180902282809,
            4.307667250906376
        ],
        "minPrediction": [
            3.068,
            2.956282819605019,
            3.0013817352990846,
            3.067933711081377,
            3.0314247050663568,
            3.1089055749334964,
            3.1088181484733193
        ],
        "meanPrediction": [
            3.068,
            3.1104376856032188,
            3.5451192050555944,
            3.7269055950917367,
            3.9148422694277936,
            3.8243014379034457,
            3.785429221374941
        ],
        "dosage": [
            20,
            20,
            20,
            5,
            0,
            0,
            0
        ]
    },
    "iter_3": {
        "patient_id": "unknown",
        "timestamp": "20250617_124908",
        "schedule_type": "recommended",
        "last_param": {
            "a": 0.6681894063949585,
            "b": 0.025040602311491966,
            "c": 1.9345828294754028,
            "noise_scale": 0.606018602848053,
            "sig_slope": 0.2,
            "sig_offset": -3.0,
            "error_scale": 0.0
        },
        "past_outcomes": [
            2.155,
            2.701,
            2.966,
            2.539,
            3.068
        ],
        "past_actions": [
            7,
            3,
            2,
            3,
            null
        ],
        "y_init": 3.068,
        "maxPrediction": [
            3.068,
            3.4828783044792218,
            3.7782465864668247,
            3.997809795780635,
            4.10936604868993,
            4.225663379616932,
            4.296687219175597
        ],
        "minPrediction": [
            3.068,
            2.943833971609753,
            3.0024297343145103,
            3.0868162238023262,
            3.096675083834165,
            3.0670783149215586,
            3.0733775281481392
        ],
        "meanPrediction": [
            3.068,
            3.2230123122602885,
            3.401815435072067,
            3.5916457580828847,
            3.566681526433366,
            3.759093650399192,
            3.8384813315908333
        ],
        "dosage": [
            20,
            20,
            20,
            5,
            0,
            0,
            0
        ]
    },
    "iter_4": {
        "patient_id": "unknown",
        "timestamp": "20250617_124910",
        "schedule_type": "recommended",
        "last_param": {
            "a": 0.6681894063949585,
            "b": 0.025040602311491966,
            "c": 1.9345828294754028,
            "noise_scale": 0.606018602848053,
            "sig_slope": 0.2,
            "sig_offset": -3.0,
            "error_scale": 0.0
        },
        "past_outcomes": [
            2.155,
            2.701,
            2.966,
            2.539,
            3.068
        ],
        "past_actions": [
            7,
            3,
            2,
            3,
            null
        ],
        "y_init": 3.068,
        "maxPrediction": [
            3.068,
            3.472830964784247,
            3.7447305559351816,
            3.985139225552945,
            4.106788199672261,
            4.207264580636493,
            4.2910115285528185
        ],
        "minPrediction": [
            3.068,
            2.943567475595168,
            3.006130064356873,
            3.0872404402503424,
            3.108059041119001,
            3.0835213060408573,
            3.0685916456303604
        ],
        "meanPrediction": [
            3.068,
            3.304207129049035,
            3.3072817512289587,
            3.5976210250338108,
            3.640866534901174,
            3.735712956995897,
            3.8404415745029046
        ],
        "dosage": [
            20,
            20,
            20,
            5,
            0,
            0,
            0
        ]
    },
    "iter_5": {
        "patient_id": "unknown",
        "timestamp": "20250617_124912",
        "schedule_type": "recommended",
        "last_param": {
            "a": 0.6681894063949585,
            "b": 0.025040602311491966,
            "c": 1.9345828294754028,
            "noise_scale": 0.606018602848053,
            "sig_slope": 0.2,
            "sig_offset": -3.0,
            "error_scale": 0.0
        },
        "past_outcomes": [
            2.155,
            2.701,
            2.966,
            2.539,
            3.068
        ],
        "past_actions": [
            7,
            3,
            2,
            3,
            null
        ],
        "y_init": 3.068,
        "maxPrediction": [
            3.068,
            3.4998729701344864,
            3.743608747589563,
            3.9816438824056313,
            4.122463369658835,
            4.202604157414502,
            4.284964286133305
        ],
        "minPrediction": [
            3.068,
            2.9693651794828697,
            2.994001903579796,
            3.0682185502717596,
            3.084890569031676,
            3.0606480106113967,
            3.118312535561706
        ],
        "meanPrediction": [
            3.068,
            3.1862713409179007,
            3.3030870778939714,
            3.477479991985274,
            3.6088812498441243,
            3.7736819920283473,
            3.8976227498996137
        ],
        "dosage": [
            20,
            20,
            20,
            5,
            0,
            0,
            0
        ]
    },
    "iter_6": {
        "patient_id": "unknown",
        "timestamp": "20250617_124914",
        "schedule_type": "recommended",