{
    "iter_1": {
        "patient_id": "unknown",
        "timestamp": "20250617_125028",
        "schedule_type": "recommended",
        "last_param": {
            "a": 0.6681894063949585,
            "b": 0.025040602311491966,
            "c": 1.9345828294754028,
            "noise_scale": 0.606018602848053,
            "sig_slope": 0.2,
            "sig_offset": -3.0,
            "error_scale": 0.0
        },
        "past_outcomes": [
            2.155,
            2.701,
            2.966,
            2.539,
            3.068
        ],
        "past_actions": [
            7,
            3,
            2,
            3,
            null
        ],
        "y_init": 3.068,
        "maxPrediction": [
            3.068,
            3.4891958989140823,
            3.765367753902589,
            4.00301155158758,
            4.118908193506128,
            4.238643070271385,
            4.3172995269652175
        ],
        "minPrediction": [
            3.068,
            2.954731967115111,
            2.977922234973429,
            3.024013790126641,
            3.060659743333724,
            3.0637658464710005,
            3.0741144054100293
        ],
        "meanPrediction": [
            3.068,
            3.3897921165134544,
            3.4987553329467596,
            3.5845588580877195,
            3.633839603069529,
            3.7841503270912757,
            3.846005994581852
        ],
        "dosage": [
            20,
            20,
            20,
            5,
            0,
            0,
            0
        ]
    },
    "iter_2": {
        "patient_id": "unknown",
        "timestamp": "20250617_125030",
        "schedule_type": "recommended",
        "last_param": {
            "a": 0.6681894063949585,
            "b": 0.025040602311491966,
            "c": 1.9345828294754028,
            "noise_scale": 0.606018602848053,
            "sig_slope": 0.2,
            "sig_offset": -3.0,
            "error_scale": 0.0
        },
        "past_outcomes": [
            2.155,
            2.701,
            2.966,
            2.539,
            3.068
        ],
        "past_actions": [
            7,
            3,
            2,
            3,
            null
        ],
        "y_init": 3.068,
        "maxPrediction": [
            3.068,
            3.4646406865311983,
            3.759838102372714,
            3.9889887442245584,
            4.13222073308617,
            4.210524217042669,
            4.272969832672775
        ],
        "minPrediction": [
            3.068,
            2.9618319130989983,
            3.0326681720169284,
            3.0764488068396103,
            3.126504842589302,
            3.109721837159548,
            3.087063476620535
        ],
        "meanPrediction": [
            3.068,
            3.1812621031622883,
            3.40776730252436,
            3.5767733954421104,
            3.606876565243976,
            3.6789541616672166,
            3.8794763071361436
        ],
        "dosage": [
            20,
            20,
            20,
            5,
            0,
            0,
            0
        ]
    },
    "iter_3": {
        "patient_id": "unknown",
        "timestamp": "20250617_125033",
        "schedule_type": "recommended",
        "last_param": {
            "a": 0.6681894063949585,
            "b": 0.025040602311491966,
            "c": 1.9345828294754028,
            "noise_scale": 0.606018602848053,
            "sig_slope": 0.2,
            "sig_offset": -3.0,
            "error_scale": 0.0
        },
        "past_outcomes": [
            2.155,
            2.701,
            2.966,
            2.539,
            3.068
        ],
        "past_actions": [
            7,
            3,
            2,
            3,
            null
        ],
        "y_init": 3.068,
        "maxPrediction": [
            3.068,
            3.501545071289884,
            3.779996283783766,
            3.9853272917791647,
            4.113006229597055,
            4.215768215065231,
            4.295154246236494
        ],
        "minPrediction": [
            3.068,
            2.9409753259423645,
            2.997020524803205,
            3.078295193963751,
            3.0518845488815787,
            3.036906913727883,
            3.032485414522269
        ],
        "meanPrediction": [
            3.068,
            3.210900381876594,
            3.386238614846146,
            3.627585056246831,
            3.6216243301888,
            3.768350789427637,
            3.880463204507005
        ],
        "dosage": [
            20,
            20,
            20,
            5,
            0,
            0,
            0
        ]
    },
    "iter_4": {
        "patient_id": "unknown",
        "timestamp": "20250617_125035",
        "schedule_type": "recommended",
        "last_param": {
            "a": 0.6681894063949585,
            "b": 0.025040602311491966,
            "c": 1.9345828294754028,
            "noise_scale": 0.606018602848053,
            "sig_slope": 0.2,
            "sig_offset": -3.0,
            "error_scale": 0.0
        },
        "past_outcomes": [
            2.155,
            2.701,
            2.966,
            2.539,
            3.068
        ],
        "past_actions": [
            7,
            3,
            2,
            3,
            null
        ],
        "y_init": 3.068,
        "maxPrediction": [
            3.068,
            3.4850913264311933,
            3.7628289597878632,
            3.99980471856617,
            4.112332697823052,
            4.216308704688005,
            4.285459001204696
        ],
        "minPrediction": [
            3.068,
            2.9656755385928992,
            2.9935148558620224,
            3.10168406794312,
            3.1266380078822924,
            3.05565312323589,
            3.0516418513648325
        ],
        "meanPrediction": [
            3.068,
            3.170971680790263,
            3.4364461322120943,
            3.636232694904548,
            3.720578547197441,
            3.7862975063596487,
            3.8373641485467
        ],
        "dosage": [
            20,
            20,
            20,
            5,
            0,
            0,
            0
        ]
    },
    "iter_5": {
        "patient_id": "unknown",
        "timestamp": "20250617_125037",
        "schedule_type": "recommended",
        "last_param": {
            "a": 0.6681894063949585,
            "b": 0.025040602311491966,
            "c": 1.9345828294754028,
            "noise_scale": 0.606018602848053,
            "sig_slope": 0.2,
            "sig_offset": -3.0,
            "error_scale": 0.0
        },
        "past_outcomes": [
            2.155,
            2.701,
            2.966,
            2.539,
            3.068
        ],
        "past_actions": [
            7,
            3,
            2,
            3,
            null
        ],
        "y_init": 3.068,
        "maxPrediction": [
            3.068,
            3.502824233401963,
            3.7497300433939325,
            3.9753107647596937,
            4.091526992079588,
            4.197135999633125,
            4.26818148652471
        ],
        "minPrediction": [
            3.068,
            2.9479289857801523,
            2.999851374289485,
            3.077496358571669,
            3.1167148441433232,
            3.1079861997265565,
            3.112426906245175
        ],
        "meanPrediction": [
            3.068,
            3.065970959934974,
            3.1796832754804667,
            3.533328589971863,
            3.563299189640569,
            3.6844346713741865,
            3.937379048473377
        ],
        "dosage": [
            20,
            20,
            20,
            5,
            0,
            0,
            0
        ]
    },
    "iter_6": {
        "patient_id": "unknown",
        "timestamp": "20250617_125040",
        "schedule_type": "recommended",