{
    "iter_1": {
        "patient_id": "unknown",
        "timestamp": "20250617_181624",
        "schedule_type": "recommended",
        "last_param": {
            "a": 0.6203328371047974,
            "b": 0.0010536499321460724,
            "c": 3.0111281871795654,
            "noise_scale": 0.5865628123283386,
            "sig_slope": 0.2,
            "sig_offset": -3.0,
            "error_scale": 0.0
        },
        "past_outcomes": [
            2,
            2.5,
            3.4,
            3.45,
            3.570543
        ],
        "past_actions": [
            4,
            5,
            9,
            15,
            null
        ],
        "y_init": 3.570543,
        "maxPrediction": [
            3.570543,
            4.294673699217918,
            4.673196015287647,
            4.84013102778788,
            4.907172595946503,
            4.938594559226452,
            4.954052134950516
        ],
        "minPrediction": [
            3.570543,
            3.98014977473556,
            4.410458087938433,
            4.681582335375407,
            4.814089459575093,
            4.875748997387175,
            4.91145756061093
        ],
        "meanPrediction": [
            3.570543,
            4.223253804630729,
            4.586757009155838,
            4.787472998924803,
            4.885566004210439,
            4.89530796282903,
            4.9197202455859825
        ],
        "dosage": [
            20,
            0,
            0,
            0,
            0,
            7,
            0
        ]
    },
    "iter_2": {
        "patient_id": "unknown",
        "timestamp": "20250617_181627",
        "schedule_type": "recommended",
        "last_param": {
            "a": 0.6203328371047974,
            "b": 0.0010536499321460724,
            "c": 3.0111281871795654,
            "noise_scale": 0.5865628123283386,
            "sig_slope": 0.2,
            "sig_offset": -3.0,
            "error_scale": 0.0
        },
        "past_outcomes": [
            2,
            2.5,
            3.4,
            3.45,
            3.570543
        ],
        "past_actions": [
            4,
            5,
            9,
            15,
            null
        ],
        "y_init": 3.570543,
        "maxPrediction": [
            3.570543,
            4.292367172739362,
            4.667779609035218,
            4.838939219423552,
            4.907430752707138,
            4.936879164822139,
            4.952285382785398
        ],
        "minPrediction": [
            3.570543,
            3.975124665547316,
            4.407028892950041,
            4.675547073616362,
            4.80828996516431,
            4.87745330205321,
            4.9073025675425965
        ],
        "meanPrediction": [
            3.570543,
            4.138089403612451,
            4.560100686601825,
            4.818373577667733,
            4.890376890579995,
            4.914717360283175,
            4.927250485795574
        ],
        "dosage": [
            20,
            0,
            0,
            0,
            0,
            7,
            0
        ]
    },
    "iter_3": {
        "patient_id": "unknown",
        "timestamp": "20250617_181629",
        "schedule_type": "recommended",
        "last_param": {
            "a": 0.6203328371047974,
            "b": 0.0010536499321460724,
            "c": 3.0111281871795654,
            "noise_scale": 0.5865628123283386,
            "sig_slope": 0.2,
            "sig_offset": -3.0,
            "error_scale": 0.0
        },
        "past_outcomes": [
            2,
            2.5,
            3.4,
            3.45,
            3.570543
        ],
        "past_actions": [
            4,
            5,
            9,
            15,
            null
        ],
        "y_init": 3.570543,
        "maxPrediction": [
            3.570543,
            4.291094019407946,
            4.670773451218674,
            4.8381327480550125,
            4.907760136133136,
            4.939016267856412,
            4.951679685534938
        ],
        "minPrediction": [
            3.570543,
            3.979370671080027,
            4.410987588077636,
            4.683018326285752,
            4.816551160293843,
            4.877170949626707,
            4.908411335609952
        ],
        "meanPrediction": [
            3.570543,
            4.125767972286721,
            4.564206833234512,
            4.769109880687564,
            4.884899938383259,
            4.921209420333823,
            4.9339464402867526
        ],
        "dosage": [
            20,
            0,
            0,
            0,
            0,
            7,
            0
        ]
    },
    "iter_4": {
        "patient_id": "unknown",
        "timestamp": "20250617_181632",
        "schedule_type": "recommended",
        "last_param": {
            "a": 0.6203328371047974,
            "b": 0.0010536499321460724,
            "c": 3.0111281871795654,
            "noise_scale": 0.5865628123283386,
            "sig_slope": 0.2,
            "sig_offset": -3.0,
            "error_scale": 0.0
        },
        "past_outcomes": [
            2,
            2.5,
            3.4,
            3.45,
            3.570543
        ],
        "past_actions": [
            4,
            5,
            9,
            15,
            null
        ],
        "y_init": 3.570543,
        "maxPrediction": [
            3.570543,
            4.310403311117467,
            4.679280275556415,
            4.84236064880173,
            4.907508739234444,
            4.937191061426708,
            4.953179413584898
        ],
        "minPrediction": [
            3.570543,
            3.9688089827613005,
            4.40080815680048,
            4.671589031696843,
            4.809643597943824,
            4.878699736024639,
            4.91053067397777
        ],
        "meanPrediction": [
            3.570543,
            4.100546095483605,
            4.584606077004132,
            4.793114145819842,
            4.891741309366512,
            4.908359023349031,
            4.933634925291558
        ],
        "dosage": [
            20,
            0,
            0,
            0,
            0,
            7,
            0
        ]
    },
    "iter_5": {
        "patient_id": "unknown",
        "timestamp": "20250617_181634",
        "schedule_type": "recommended",
        "last_param": {
            "a": 0.6203328371047974,
            "b": 0.0010536499321460724,
            "c": 3.0111281871795654,
            "noise_scale": 0.5865628123283386,
            "sig_slope": 0.2,
            "sig_offset": -3.0,
            "error_scale": 0.0
        },
        "past_outcomes": [
            2,
            2.5,
            3.4,
            3.45,
            3.570543
        ],
        "past_actions": [
            4,
            5,
            9,
            15,
            null
        ],
        "y_init": 3.570543,
        "maxPrediction": [
            3.570543,
            4.2908594341421615,
            4.670425537484425,
            4.838768872464305,
            4.9081560409326,
            4.938407308985682,
            4.951816640876556
        ],
        "minPrediction": [
            3.570543,
            3.9680534913173875,
            4.396308521418066,
            4.684981789198338,
            4.817226752983509,
            4.879295947840066,
            4.90937544990181
        ],
        "meanPrediction": [
            3.570543,
            4.1345457060586535,
            4.5601335201508855,
            4.826296904904458,
            4.894519615973064,
            4.9132320743864515,
            4.926394090909431
        ],
        "dosage": [
            20,
            0,
            0,
            0,
            0,
            7,
            0
        ]
    },
    "iter_6": {
        "patient_id": "unknown",
        "timestamp": "20250617_181637",
        "schedule_type": "recommended",