{
    "iter_1": {
        "patient_id": "unknown",
        "timestamp": "20250617_122821",
        "schedule_type": "recommended",
        "last_param": {
            "a": 0.4985865354537964,
            "b": 0.15068340301513672,
            "c": 2.1949501037597656,
            "noise_scale": 0.4437795877456665,
            "sig_slope": 0.2,
            "sig_offset": -3.0,
            "error_scale": 0.0
        },
        "past_outcomes": [
            2.19,
            2.89,
            3.24,
            3
        ],
        "past_actions": [
            6,
            5,
            3,
            null
        ],
        "y_init": 3,
        "maxPrediction": [
            3.0,
            3.440276104453292,
            3.62881695770619,
            3.5468327808995967,
            3.1936626901627045,
            2.7766408925010038
        ],
        "minPrediction": [
            3.0,
            3.04371752703908,
            3.200783737951633,
            2.8785465935861825,
            2.3130344322830667,
            1.7890447242296905
        ],
        "meanPrediction": [
            3.0,
            3.1885551630786946,
            3.2802775593080398,
            3.1887823891403326,
            2.6532521821223956,
            2.348481867197174
        ],
        "dosage": [
            20,
            20,
            6,
            0,
            0,
            0
        ]
    },
    "iter_2": {
        "patient_id": "unknown",
        "timestamp": "20250617_122824",
        "schedule_type": "recommended",
        "last_param": {
            "a": 0.4985865354537964,
            "b": 0.15068340301513672,
            "c": 2.1949501037597656,
            "noise_scale": 0.4437795877456665,
            "sig_slope": 0.2,
            "sig_offset": -3.0,
            "error_scale": 0.0
        },
        "past_outcomes": [
            2.19,
            2.89,
            3.24,
            3
        ],
        "past_actions": [
            6,
            5,
            3,
            null
        ],
        "y_init": 3,
        "maxPrediction": [
            3.0,
            3.432655916802919,
            3.6365773771318066,
            3.5594040136622684,
            3.2138914516681996,
            2.801076675810121
        ],
        "minPrediction": [
            3.0,
            3.036431102425687,
            3.220824805558503,
            2.911208049148157,
            2.3546471429121274,
            1.7802097821008902
        ],
        "meanPrediction": [
            3.0,
            3.231130998920589,
            3.382046038648258,
            3.2921798959965547,
            2.7117669335185894,
            2.2875013451495123
        ],
        "dosage": [
            20,
            20,
            6,
            0,
            0,
            0
        ]
    },
    "iter_3": {
        "patient_id": "unknown",
        "timestamp": "20250617_122826",
        "schedule_type": "recommended",
        "last_param": {
            "a": 0.4985865354537964,
            "b": 0.15068340301513672,
            "c": 2.1949501037597656,
            "noise_scale": 0.4437795877456665,
            "sig_slope": 0.2,
            "sig_offset": -3.0,
            "error_scale": 0.0
        },
        "past_outcomes": [
            2.19,
            2.89,
            3.24,
            3
        ],
        "past_actions": [
            6,
            5,
            3,
            null
        ],
        "y_init": 3,
        "maxPrediction": [
            3.0,
            3.443176376033427,
            3.640134753926453,
            3.5444193400222135,
            3.1753039102487777,
            2.7661409142643594
        ],
        "minPrediction": [
            3.0,
            3.050554133979591,
            3.2048110850511593,
            2.899914892668329,
            2.367201679749585,
            1.8350524815351585
        ],
        "meanPrediction": [
            3.0,
            3.3418106185114653,
            3.48293864341794,
            3.4612610343190493,
            2.8661337885649543,
            2.2340796602207993
        ],
        "dosage": [
            20,
            17,
            9,
            0,
            0,
            0
        ]
    },
    "iter_4": {
        "patient_id": "unknown",
        "timestamp": "20250617_122829",
        "schedule_type": "recommended",
        "last_param": {
            "a": 0.4985865354537964,
            "b": 0.15068340301513672,
            "c": 2.1949501037597656,
            "noise_scale": 0.4437795877456665,
            "sig_slope": 0.2,
            "sig_offset": -3.0,
            "error_scale": 0.0
        },
        "past_outcomes": [
            2.19,
            2.89,
            3.24,
            3
        ],
        "past_actions": [
            6,
            5,
            3,
            null
        ],
        "y_init": 3,
        "maxPrediction": [
            3.0,
            3.440190032475549,
            3.6327839401446878,
            3.5439051137778805,
            3.1966979500724793,
            2.777036161961831
        ],
        "minPrediction": [
            3.0,
            3.050072054084815,
            3.2112049684922184,
            2.88764171802887,
            2.360584962183819,
            1.8356500380599725
        ],
        "meanPrediction": [
            3.0,
            3.2907652775367406,
            3.4107323108772105,
            3.357698303844965,
            2.804815454801605,
            2.2678171022491456
        ],
        "dosage": [
            20,
            18,
            8,
            0,
            0,
            0
        ]
    },
    "iter_5": {
        "patient_id": "unknown",
        "timestamp": "20250617_122831",
        "schedule_type": "recommended",
        "last_param": {
            "a": 0.4985865354537964,
            "b": 0.15068340301513672,
            "c": 2.1949501037597656,
            "noise_scale": 0.4437795877456665,
            "sig_slope": 0.2,
            "sig_offset": -3.0,
            "error_scale": 0.0
        },
        "past_outcomes": [
            2.19,
            2.89,
            3.24,
            3
        ],
        "past_actions": [
            6,
            5,
            3,
            null
        ],
        "y_init": 3,
        "maxPrediction": [
            3.0,
            3.453156112169516,
            3.633834258982496,
            3.546469962481662,
            3.184985557057134,
            2.7509313094600243
        ],
        "minPrediction": [
            3.0,
            3.024006388473786,
            3.199952110802958,
            2.8746622583077026,
            2.3416954960002596,
            1.7983803215979008
        ],
        "meanPrediction": [
            3.0,
            3.2063175197938425,
            3.427427865215651,
            3.309166581151378,
            2.9115652255550235,
            2.283270227517323
        ],
        "dosage": [
            20,
            20,
            6,
            0,
            0,
            0
        ]
    },
    "iter_6": {
        "patient_id": "unknown",
        "timestamp": "20250617_122834",
        "schedule_type": "recommended",
        "last_param": {
            "a": 0.4985865354537964,
            "b": 0.15068340301513672,
            "c": 2.1949501037597656,
            "noise_scale": 0.4437795877456665,
            "sig_slope": 0.2,
            "sig_offset": -3.0,
            "error_scale": 0.0
        },
        "past_outcomes": [
            2.19,
            2.89,
            3.24,
            3
        ],
        "past_actions": [
            6,
            5,
            3,
            null
        ],
        "y_init": 3,
        "maxPrediction": [
            3.0,
            3.4385183073970524,
            3.6393159220006366,
            3.538070715932379,
            3.1800134584411777,
            2.7629897581945113
        ],