{
    "iter_1": {
        "patient_id": "unknown",
        "timestamp": "20250617_124621",
        "schedule_type": "recommended",
        "last_param": {
            "a": 0.4985865354537964,
            "b": 0.15068340301513672,
            "c": 2.1949501037597656,
            "noise_scale": 0.4437795877456665,
            "sig_slope": 0.2,
            "sig_offset": -3.0,
            "error_scale": 0.0
        },
        "past_outcomes": [
            2.19,
            2.89,
            3.24,
            3
        ],
        "past_actions": [
            6,
            5,
            3,
            null
        ],
        "y_init": 3,
        "maxPrediction": [
            3.0,
            3.436135680476906,
            3.644257512404271,
            3.534744223758223,
            3.1900236890753195,
            2.79438201321005
        ],
        "minPrediction": [
            3.0,
            3.041025373251338,
            3.212629846970946,
            2.9168233813350026,
            2.3736065932198938,
            1.812217624636515
        ],
        "meanPrediction": [
            3.0,
            3.3318740826793607,
            3.4102100900772743,
            3.318098425832235,
            2.8413782113771093,
            2.2565808348685072
        ],
        "dosage": [
            20,
            17,
            9,
            0,
            0,
            0
        ]
    },
    "iter_2": {
        "patient_id": "unknown",
        "timestamp": "20250617_124624",
        "schedule_type": "recommended",
        "last_param": {
            "a": 0.4985865354537964,
            "b": 0.15068340301513672,
            "c": 2.1949501037597656,
            "noise_scale": 0.4437795877456665,
            "sig_slope": 0.2,
            "sig_offset": -3.0,
            "error_scale": 0.0
        },
        "past_outcomes": [
            2.19,
            2.89,
            3.24,
            3
        ],
        "past_actions": [
            6,
            5,
            3,
            null
        ],
        "y_init": 3,
        "maxPrediction": [
            3.0,
            3.443325102096781,
            3.6362642337293383,
            3.5512363406827823,
            3.1830085767314618,
            2.7882870015395484
        ],
        "minPrediction": [
            3.0,
            3.0422632707100576,
            3.186944029191055,
            2.886459363050077,
            2.3271857055385055,
            1.8003144616296713
        ],
        "meanPrediction": [
            3.0,
            3.3175616509456702,
            3.3719938441952664,
            3.243449574618378,
            2.824455424835104,
            2.306017897841504
        ],
        "dosage": [
            20,
            17,
            9,
            0,
            0,
            0
        ]
    },
    "iter_3": {
        "patient_id": "unknown",
        "timestamp": "20250617_124633",
        "schedule_type": "recommended",
        "last_param": {
            "a": 0.4985865354537964,
            "b": 0.15068340301513672,
            "c": 2.1949501037597656,
            "noise_scale": 0.4437795877456665,
            "sig_slope": 0.2,
            "sig_offset": -3.0,
            "error_scale": 0.0
        },
        "past_outcomes": [
            2.19,
            2.89,
            3.24,
            3
        ],
        "past_actions": [
            6,
            5,
            3,
            null
        ],
        "y_init": 3,
        "maxPrediction": [
            3.0,
            3.438128352409311,
            3.6302034692670997,
            3.546115301600541,
            3.1692368520363416,
            2.7522085675956562
        ],
        "minPrediction": [
            3.0,
            3.033788373846123,
            3.1911353870751626,
            2.885623804003596,
            2.344067064626846,
            1.78711777583749
        ],
        "meanPrediction": [
            3.0,
            3.2425666924055516,
            3.5219667120104714,
            3.1739689573416614,
            2.709302548841026,
            2.3008923186630605
        ],
        "dosage": [
            20,
            20,
            6,
            0,
            0,
            0
        ]
    },
    "iter_4": {
        "patient_id": "unknown",
        "timestamp": "20250617_124636",
        "schedule_type": "recommended",
        "last_param": {
            "a": 0.4985865354537964,
            "b": 0.15068340301513672,
            "c": 2.1949501037597656,
            "noise_scale": 0.4437795877456665,
            "sig_slope": 0.2,
            "sig_offset": -3.0,
            "error_scale": 0.0
        },
        "past_outcomes": [
            2.19,
            2.89,
            3.24,
            3
        ],
        "past_actions": [
            6,
            5,
            3,
            null
        ],
        "y_init": 3,
        "maxPrediction": [
            3.0,
            3.44309615750122,
            3.631490785151383,
            3.5415823761703007,
            3.191150517196736,
            2.783023251021629
        ],
        "minPrediction": [
            3.0,
            3.0412232091075477,
            3.2157031844231168,
            2.903331038865838,
            2.374678548071035,
            1.8255182450998286
        ],
        "meanPrediction": [
            3.0,
            3.1388556795900313,
            3.3795456789596265,
            3.20364951452002,
            2.8343500791731464,
            2.317066059306599
        ],
        "dosage": [
            20,
            20,
            6,
            0,
            0,
            0
        ]
    },
    "iter_5": {
        "patient_id": "unknown",
        "timestamp": "20250617_124639",
        "schedule_type": "recommended",
        "last_param": {
            "a": 0.4985865354537964,
            "b": 0.15068340301513672,
            "c": 2.1949501037597656,
            "noise_scale": 0.4437795877456665,
            "sig_slope": 0.2,
            "sig_offset": -3.0,
            "error_scale": 0.0
        },
        "past_outcomes": [
            2.19,
            2.89,
            3.24,
            3
        ],
        "past_actions": [
            6,
            5,
            3,
            null
        ],
        "y_init": 3,
        "maxPrediction": [
            3.0,
            3.448069291374017,
            3.6407346536917737,
            3.5549458359304715,
            3.194010035188249,
            2.8247138559873264
        ],
        "minPrediction": [
            3.0,
            3.038764882785648,
            3.2009090767749973,
            2.8822689367156094,
            2.328808625121506,
            1.8178603413567127
        ],
        "meanPrediction": [
            3.0,
            3.201834528311399,
            3.555004897350381,
            3.2866226328551686,
            2.776908017006417,
            2.2858936788021795
        ],
        "dosage": [
            20,
            20,
            6,
            0,
            0,
            0
        ]
    },
    "iter_6": {
        "patient_id": "unknown",
        "timestamp": "20250617_124641",
        "schedule_type": "recommended",
        "last_param": {
            "a": 0.4985865354537964,
            "b": 0.15068340301513672,
            "c": 2.1949501037597656,
            "noise_scale": 0.4437795877456665,
            "sig_slope": 0.2,
            "sig_offset": -3.0,
            "error_scale": 0.0
        },
        "past_outcomes": [
            2.19,
            2.89,
            3.24,
            3
        ],
        "past_actions": [
            6,
            5,
            3,
            null
        ],
        "y_init": 3,
        "maxPrediction": [
            3.0,
            3.4486461677750473,
            3.6375368736422264,
            3.536430693368337,
            3.1703651803775204,
            2.7548166994840892
        ],