{
  "iter_1": {
    "patient_id": "13",
    "timestamp": "20250616_225127",
    "schedule_type": "manual",
    "last_param": {
      "a": 0.4985865354537964,
      "b": 0.15068340301513672,
      "c": 2.1949501037597656,
      "error_scale": 0,
      "noise_scale": 0.4437795877456665,
      "sig_offset": -3,
      "sig_slope": 0.2
    },
    "past_outcomes": [
      2.19,
      2.89,
      3.24,
      3
    ],
    "past_actions": [
      6,
      5,
      3,
      null
    ],
    "y_init": 3,
    "future_actions": [
      3.066666666666667,
      6.133333333333334,
      9.2,
      12.266666666666667,
      15.333333333333334
    ],
    "max_outcomes": [
      2.8456322117007007,
      2.668692847762532,
      2.5755372917220054,
      2.5437201638062663,
      2.6557371861124253
    ],
    "min_outcomes": [
      2.4158829595420976,
      2.0217202645188337,
      1.7788405758125863,
      1.6793792828280003,
      1.6663703160427903
    ],
    "median_trajectory": [
      2.6046135052910198,
      2.4549897115921038,
      2.2410328496596525,
      2.106838565017813,
      2.1130879653780155
    ],
    "median_actions": [
      3.066666666666667,
      6.133333333333334,
      9.2,
      12.266666666666667,
      15.333333333333334
    ],
    "median_score": 4.417307133818993
  },
  "iter_2": {
    "patient_id": "13",
    "timestamp": "20250616_225134",
    "schedule_type": "manual",
    "last_param": {
      "a": 0.482,
      "b": 0.193,
      "c": 2.228,
      "error_scale": 0,
      "noise_scale": 0.4437795877456665,
      "sig_offset": -3,
      "sig_slope": 0.2
    },
    "past_outcomes": [
      2.19,
      2.89,
      3.24,
      3
    ],
    "past_actions": [
      6,
      5,
      3,
      null
    ],
    "y_init": 3,
    "future_actions": [
      15.333333333333334,
      12.266666666666667,
      9.2,
      6.133333333333334,
      3.066666666666667
    ],
    "max_outcomes": [
      3.2753585962948555,
      3.3483519601778307,
      3.269184782462199,
      3.0627537187147404,
      2.7570997171824976
    ],
    "min_outcomes": [
      2.8645531825159014,
      2.739519397798316,
      2.5037318725002535,
      2.178927410960082,
      1.761982788799976
    ],
    "median_trajectory": [
      3.04975245986981,
      2.9964582061298244,
      2.8700832832825736,
      2.52358202532251,
      2.2966317008428856
    ],
    "median_actions": [
      15.333333333333334,
      12.266666666666667,
      9.2,
      6.133333333333334,
      3.066666666666667
    ],
    "median_score": 5.043585890023614
  },
  "iter_3": {
    "patient_id": "13",
    "timestamp": "20250616_225142",
    "schedule_type": "manual",
    "last_param": {
      "a": 0.483,
      "b": 0.155,
      "c": 2.153,
      "error_scale": 0,
      "noise_scale": 0.4437795877456665,
      "sig_offset": -3,
      "sig_slope": 0.2
    },
    "past_outcomes": [
      2.19,
      2.89,
      3.24,
      3
    ],
    "past_actions": [
      6,
      5,
      3,
      null
    ],
    "y_init": 3,
    "future_actions": [
      9.2,
      9.2,
      9.2,
      9.2,
      9.2
    ],
    "max_outcomes": [
      3.059870715708655,
      3.0056926987375,
      2.9473272030551647,
      2.846570182738124,
      2.705297436727922
    ],
    "min_outcomes": [
      2.648214175293401,
      2.374439294636924,
      2.14080733263935,
      1.8986490175913466,
      1.6649906706375752
    ],
    "median_trajectory": [
      2.8763442999856395,
      2.7101441800673842,
      2.539041746548876,
      2.2430462690247004,
      2.2017106767435495
    ],
    "median_actions": [
      9.2,
      9.2,
      9.2,
      9.2,
      9.2
    ],
    "median_score": 4.715802979282462
  }
}