{
    "patient_id": "13",
    "timestamp": "20250616_200007",
    "schedule_type": "manual",
    "last_param": {
        "a": 0.4985865354537964,
        "b": 0.15068340301513672,
        "c": 2.1949501037597656,
        "error_scale": 0,
        "noise_scale": 0.4437795877456665,
        "sig_offset": -3,
        "sig_slope": 0.2
    },
    "past_outcomes": [
        2.19,
        2.89,
        3.24,
        3
    ],
    "past_actions": [
        6,
        5,
        3,
        null
    ],
    "y_init": 3,
    "future_actions": [
        3.066666666666667,
        6.133333333333334,
        9.2,
        12.266666666666667,
        15.333333333333334
    ],
    "max_outcomes": [
        2.843952934850527,
        2.6682624502015124,
        2.5720347959568968,
        2.5820922823300876,
        2.681729454458194
    ],
    "min_outcomes": [
        2.4175302424649,
        2.057421455943411,
        1.8301638929041524,
        1.7061293102110342,
        1.6765417079467264
    ],
    "median_trajectory": [
        2.6108849266929446,
        2.4370399654768864,
        2.2039644657200426,
        2.0912508685721067,
        2.1381128432602536
    ],
    "median_actions": [
        3.066666666666667,
        6.133333333333334,
        9.2,
        12.266666666666667,
        15.333333333333334
    ],
    "median_score": 4.4346719566165556
}