{
    "iter_1": {
        "patient_id": "unknown",
        "timestamp": "20250616_225121",
        "schedule_type": "recommended",
        "last_param": {
            "a": 0.4985865354537964,
            "b": 0.15068340301513672,
            "c": 2.1949501037597656,
            "noise_scale": 0.4437795877456665,
            "sig_slope": 0.2,
            "sig_offset": -3.0,
            "error_scale": 0.0
        },
        "past_outcomes": [
            2.19,
            2.89,
            3.24,
            3
        ],
        "past_actions": [
            6,
            5,
            3,
            null
        ],
        "y_init": 3,
        "maxPrediction": [
            3.0,
            3.432587578034407,
            3.6356927252733797,
            3.5408452420153127,
            3.1963678806350533,
            2.777496508695304
        ],
        "minPrediction": [
            3.0,
            3.0623073415632955,
            3.2150904448692215,
            2.9217521034076754,
            2.3638747379551748,
            1.8025960573789632
        ],
        "meanPrediction": [
            3.0,
            3.3221021537245705,
            3.459392000451749,
            3.4586837323056177,
            2.8987866800659,
            2.23677483511626
        ],
        "dosage": [
            20,
            17,
            9,
            0,
            0,
            0
        ]
    },
    "iter_2": {
        "patient_id": "unknown",
        "timestamp": "20250616_225130",
        "schedule_type": "recommended",
        "last_param": {
            "a": 0.4985865354537964,
            "b": 0.15068340301513672,
            "c": 2.1949501037597656,
            "noise_scale": 0.4437795877456665,
            "sig_slope": 0.2,
            "sig_offset": -3.0,
            "error_scale": 0.0
        },
        "past_outcomes": [
            2.19,
            2.89,
            3.24,
            3
        ],
        "past_actions": [
            6,
            5,
            3,
            null
        ],
        "y_init": 3,
        "maxPrediction": [
            3.0,
            3.437848176614893,
            3.636114354193984,
            3.5370158174266497,
            3.1846319720876197,
            2.7731737441740587
        ],
        "minPrediction": [
            3.0,
            3.047815981279338,
            3.2036101403514854,
            2.8986855759701045,
            2.3449857049525904,
            1.835540284432398
        ],
        "meanPrediction": [
            3.0,
            3.3456808094915917,
            3.436526286954047,
            3.1846386521374095,
            2.9549689342787366,
            2.2810214719324855
        ],
        "dosage": [
            20,
            17,
            9,
            0,
            0,
            0
        ]
    },
    "iter_3": {
        "patient_id": "unknown",
        "timestamp": "20250616_225137",
        "schedule_type": "recommended",
        "last_param": {
            "a": 0.4985865354537964,
            "b": 0.15068340301513672,
            "c": 2.1949501037597656,
            "noise_scale": 0.4437795877456665,
            "sig_slope": 0.2,
            "sig_offset": -3.0,
            "error_scale": 0.0
        },
        "past_outcomes": [
            2.19,
            2.89,
            3.24,
            3
        ],
        "past_actions": [
            6,
            5,
            3,
            null
        ],
        "y_init": 3,
        "maxPrediction": [
            3.0,
            3.4250556421778238,
            3.636311889686744,
            3.548842345664732,
            3.1692708359446566,
            2.7460819879844367
        ],
        "minPrediction": [
            3.0,
            3.0308856099468584,
            3.1935904083019517,
            2.878141692399979,
            2.367729195718577,
            1.8058720636450134
        ],
        "meanPrediction": [
            3.0,
            3.3547675550038107,
            3.44981322977435,
            3.1832518302576207,
            2.742116017489228,
            2.2948831259369995
        ],
        "dosage": [
            20,
            17,
            9,
            0,
            0,
            0
        ]
    }
}