{
    "patient_id": "13",
    "timestamp": "20250616_200001",
    "schedule_type": "recommended",
    "last_param": {
        "a": 0.4985865354537964,
        "b": 0.15068340301513672,
        "c": 2.1949501037597656,
        "noise_scale": 0.4437795877456665,
        "sig_slope": 0.2,
        "sig_offset": -3.0,
        "error_scale": 0.0
    },
    "past_outcomes": [
        2.19,
        2.89,
        3.24,
        3
    ],
    "past_actions": [
        6,
        5,
        3,
        null
    ],
    "y_init": 3,
    "maxPrediction": [
        3.0,
        3.4373796452903242,
        3.6332021654847995,
        3.527743216359432,
        3.157419971713471,
        2.748512083733511
    ],
    "minPrediction": [
        3.0,
        3.0471815479225546,
        3.189925021346292,
        2.9167122535552954,
        2.3453712374777287,
        1.8190305759670486
    ],
    "meanPrediction": [
        3.0,
        3.145830915920656,
        3.4393552669604266,
        3.1282105501122563,
        2.612032858733415,
        2.3374070127819415
    ],
    "dosage": [
        20,
        20,
        6,
        0,
        0,
        0
    ]
}