{
    "iter_1": {
        "patient_id": "unknown",
        "timestamp": "20250616_225121",
        "schedule_type": "recommended",
        "last_param": {
            "a": 0.4985865354537964,
            "b": 0.15068340301513672,
            "c": 2.1949501037597656,
            "noise_scale": 0.4437795877456665,
            "sig_slope": 0.2,
            "sig_offset": -3.0,
            "error_scale": 0.0
        },
        "past_outcomes": [
            2.19,
            2.89,
            3.24,
            3
        ],
        "past_actions": [
            6,
            5,
            3,
            null
        ],
        "y_init": 3,
        "maxPrediction": [
            3.0,
            3.432587578034407,
            3.6356927252733797,
            3.5408452420153127,
            3.356186274666806,
            3.055246159564834
        ],
        "minPrediction": [
            3.0,
            3.0623073415632955,
            3.2150904448692215,
            2.9217521034076754,
            2.4820684748529334,
            1.9828556631168595
        ],
        "meanPrediction": [
            3.0,
            3.3221021537245705,
            3.459392000451749,
            3.4586837323056177,
            3.043726014069195,
            2.4604523186278864
        ],
        "dosage": [
            20,
            17,
            9,
            0,
            0,
            0
        ]
    },
    "iter_2": {
        "patient_id": "unknown",
        "timestamp": "20250616_225130",
        "schedule_type": "recommended",
        "last_param": {
            "a": 0.4985865354537964,
            "b": 0.15068340301513672,
            "c": 2.1949501037597656,
            "noise_scale": 0.4437795877456665,
            "sig_slope": 0.2,
            "sig_offset": -3.0,
            "error_scale": 0.0
        },
        "past_outcomes": [
            2.19,
            2.89,
            3.24,
            3
        ],
        "past_actions": [
            6,
            5,
            3,
            null
        ],
        "y_init": 3,
        "maxPrediction": [
            3.0,
            3.437848176614893,
            3.636114354193984,
            3.5370158174266497,
            3.3438635706920006,
            3.0504911185914647
        ],
        "minPrediction": [
            3.0,
            3.047815981279338,
            3.2036101403514854,
            2.8986855759701045,
            2.46223499020022,
            2.019094312875638
        ],
        "meanPrediction": [
            3.0,
            3.3456808094915917,
            3.436526286954047,
            3.1846386521374095,
            3.1027173809926736,
            2.509123619125734
        ],
        "dosage": [
            20,
            17,
            9,
            0,
            0,
            0
        ]
    },
    "iter_3": {
        "patient_id": "unknown",
        "timestamp": "20250616_225137",
        "schedule_type": "recommended",
        "last_param": {
            "a": 0.4985865354537964,
            "b": 0.15068340301513672,
            "c": 2.1949501037597656,
            "noise_scale": 0.4437795877456665,
            "sig_slope": 0.2,
            "sig_offset": -3.0,
            "error_scale": 0.0
        },
        "past_outcomes": [
            2.19,
            2.89,
            3.24,
            3
        ],
        "past_actions": [
            6,
            5,
            3,
            null
        ],
        "y_init": 3,
        "maxPrediction": [
            3.0,
            3.4250556421778238,
            3.636311889686744,
            3.548842345664732,
            3.3277343777418893,
            3.0206901867828804
        ],
        "minPrediction": [
            3.0,
            3.0308856099468584,
            3.1935904083019517,
            2.878141692399979,
            2.486115655504506,
            1.9864592700095147
        ],
        "meanPrediction": [
            3.0,
            3.3547675550038107,
            3.44981322977435,
            3.1832518302576207,
            2.8792218183636895,
            2.5243714385306992
        ],
        "dosage": [
            20,
            17,
            9,
            0,
            0,
            0
        ]
    }
}