{
    "iter_1": {
        "patient_id": "unknown",
        "timestamp": "20250617_185632",
        "schedule_type": "recommended",
        "last_param": {
            "a": 0.791330099105835,
            "b": 0.001760124578140676,
            "c": 1.5911474227905273,
            "noise_scale": 0.21986240148544312,
            "sig_slope": 0.2,
            "sig_offset": -3.0,
            "error_scale": 0.0
        },
        "past_outcomes": [
            2,
            2,
            2.2,
            2.5,
            2.6,
            2.863443
        ],
        "past_actions": [
            5,
            0,
            5,
            20,
            20,
            null
        ],
        "y_init": 2.863443,
        "maxPrediction": [
            2.863443,
            3.2305586874599688,
            3.5678921567647075,
            3.8984071384858896,
            4.175696722390694,
            4.401420253583268
        ],
        "minPrediction": [
            2.863443,
            3.0330276563750123,
            3.28591330240236,
            3.5688231559934493,
            3.8489795878117063,
            4.1232561031582
        ],
        "meanPrediction": [
            2.863443,
            3.1163144866114822,
            3.37642468325553,
            3.7392907803640534,
            4.070149926682005,
            4.28043476481755
        ],
        "dosage": [
            10,
            0,
            0,
            0,
            0,
            0
        ]
    },
    "iter_2": {
        "patient_id": "unknown",
        "timestamp": "20250617_185634",
        "schedule_type": "recommended",
        "last_param": {
            "a": 0.791330099105835,
            "b": 0.001760124578140676,
            "c": 1.5911474227905273,
            "noise_scale": 0.21986240148544312,
            "sig_slope": 0.2,
            "sig_offset": -3.0,
            "error_scale": 0.0
        },
        "past_outcomes": [
            2,
            2,
            2.2,
            2.5,
            2.6,
            2.863443
        ],
        "past_actions": [
            5,
            0,
            5,
            20,
            20,
            null
        ],
        "y_init": 2.863443,
        "maxPrediction": [
            2.863443,
            3.2372008055003763,
            3.56517091560072,
            3.895491365847164,
            4.1716309571733605,
            4.40676170858387
        ],
        "minPrediction": [
            2.863443,
            3.039215716095828,
            3.2851352056937126,
            3.5517471250665995,
            3.846076963996435,
            4.11139268137806
        ],
        "meanPrediction": [
            2.863443,
            3.1453713426747134,
            3.43445577817688,
            3.7580277515513782,
            4.038747618897412,
            4.282579691172645
        ],
        "dosage": [
            10,
            0,
            0,
            0,
            0,
            0
        ]
    },
    "iter_3": {
        "patient_id": "unknown",
        "timestamp": "20250617_185637",
        "schedule_type": "recommended",
        "last_param": {
            "a": 0.791330099105835,
            "b": 0.001760124578140676,
            "c": 1.5911474227905273,
            "noise_scale": 0.21986240148544312,
            "sig_slope": 0.2,
            "sig_offset": -3.0,
            "error_scale": 0.0
        },
        "past_outcomes": [
            2,
            2,
            2.2,
            2.5,
            2.6,
            2.863443
        ],
        "past_actions": [
            5,
            0,
            5,
            20,
            20,
            null
        ],
        "y_init": 2.863443,
        "maxPrediction": [
            2.863443,
            3.2373438703559976,
            3.576594564735064,
            3.90151238138553,
            4.182089811006686,
            4.4055410876042895
        ],
        "minPrediction": [
            2.863443,
            3.037622084344925,
            3.298020294667755,
            3.5757143806371863,
            3.8733849621661984,
            4.1336959312664385
        ],
        "meanPrediction": [
            2.863443,
            3.1795707090903056,
            3.4742685734843,
            3.742885218930465,
            4.059436880712787,
            4.267742890309165
        ],
        "dosage": [
            10,
            0,
            0,
            0,
            0,
            0
        ]
    },
    "iter_4": {
        "patient_id": "unknown",
        "timestamp": "20250617_185639",
        "schedule_type": "recommended",
        "last_param": {
            "a": 0.791330099105835,
            "b": 0.001760124578140676,
            "c": 1.5911474227905273,
            "noise_scale": 0.21986240148544312,
            "sig_slope": 0.2,
            "sig_offset": -3.0,
            "error_scale": 0.0
        },
        "past_outcomes": [
            2,
            2,
            2.2,
            2.5,
            2.6,
            2.863443
        ],
        "past_actions": [
            5,
            0,
            5,
            20,
            20,
            null
        ],
        "y_init": 2.863443,
        "maxPrediction": [
            2.863443,
            3.2329789010986203,
            3.5660099584373577,
            3.8855185886530337,
            4.178220365418468,
            4.408982922472176
        ],
        "minPrediction": [
            2.863443,
            3.035200612826219,
            3.286390675381744,
            3.571556399871976,
            3.8567699439400633,
            4.1258905796423875
        ],
        "meanPrediction": [
            2.863443,
            3.1210135396229037,
            3.483276495114063,
            3.7704397454336576,
            4.035111871570069,
            4.26887409692546
        ],
        "dosage": [
            10,
            0,
            0,
            0,
            0,
            0
        ]
    },
    "iter_5": {
        "patient_id": "unknown",
        "timestamp": "20250617_185642",
        "schedule_type": "recommended",
        "last_param": {
            "a": 0.791330099105835,
            "b": 0.001760124578140676,
            "c": 1.5911474227905273,
            "noise_scale": 0.21986240148544312,
            "sig_slope": 0.2,
            "sig_offset": -3.0,
            "error_scale": 0.0
        },
        "past_outcomes": [
            2,
            2,
            2.2,
            2.5,
            2.6,
            2.863443
        ],
        "past_actions": [
            5,
            0,
            5,
            20,
            20,
            null
        ],
        "y_init": 2.863443,
        "maxPrediction": [
            2.863443,
            3.2346763507154654,
            3.5666820192274624,
            3.8880799298267754,
            4.179833266690947,
            4.404373177720497
        ],
        "minPrediction": [
            2.863443,
            3.0333642412708754,
            3.295429395489956,
            3.5655713702830076,
            3.8452950032696025,
            4.114240060852959
        ],
        "meanPrediction": [
            2.863443,
            3.139097525102044,
            3.4513424642697665,
            3.7363771898755713,
            3.9868544454487576,
            4.282774671649784
        ],
        "dosage": [
            10,
            0,
            0,
            0,
            0,
            0
        ]
    },
    "iter_6": {
        "patient_id": "unknown",
        "timestamp": "20250617_185645",
        "schedule_type": "recommended",
        "last_param": {
            "a": 0.791330099105835,
            "b": 0.001760124578140676,
            "c": 1.5911474227905273,
            "noise_scale": 0.21986240148544312,
            "sig_slope": 0.2,
            "sig_offset": -3.0,
            "error_scale": 0.0
        },