{
    "patient_id": "17",
    "timestamp": "20250616_200040",
    "schedule_type": "manual",
    "last_param": {
        "a": 0.7708832621574402,
        "b": 0.02194874919950962,
        "c": 1.790616750717163,
        "error_scale": 0,
        "noise_scale": 0.27409374713897705,
        "sig_offset": -3,
        "sig_slope": 0.2
    },
    "past_outcomes": [
        3.7,
        3.9,
        4.0123
    ],
    "past_actions": [
        5,
        3,
        null
    ],
    "y_init": 4.0123,
    "future_actions": [
        0.8888888888888888,
        1.7777777777777777,
        2.6666666666666665,
        3.5555555555555554,
        4.444444444444445,
        5.333333333333333,
        6.222222222222222,
        7.111111111111111
    ],
    "max_outcomes": [
        4.375434848711,
        4.593963961262132,
        4.7329668059991326,
        4.81590425716227,
        4.867738641846811,
        4.900016989934541,
        4.920496635202793,
        4.934500442923707
    ],
    "min_outcomes": [
        4.241785402928434,
        4.462838896811565,
        4.628517197549672,
        4.739540807396816,
        4.80952202681193,
        4.855394620779842,
        4.885669156549677,
        4.906440535783676
    ],
    "median_trajectory": [
        4.28365416432711,
        4.542542973346839,
        4.703058268087378,
        4.798662741132493,
        4.852362150873605,
        4.8850045137039375,
        4.9048100371181915,
        4.9163527032761465
    ],
    "median_actions": [
        0.8888888888888888,
        1.7777777777777777,
        2.6666666666666665,
        3.5555555555555554,
        4.444444444444445,
        5.333333333333333,
        6.222222222222222,
        7.111111111111111
    ],
    "median_score": 9.652177021102979
}