{
    "patient_id": "17",
    "timestamp": "20250616_200034",
    "schedule_type": "recommended",
    "last_param": {
        "a": 0.7708832621574402,
        "b": 0.02194874919950962,
        "c": 1.790616750717163,
        "noise_scale": 0.27409374713897705,
        "sig_slope": 0.2,
        "sig_offset": -3.0,
        "error_scale": 0.0
    },
    "past_outcomes": [
        3.7,
        3.9,
        4.0123
    ],
    "past_actions": [
        5,
        3,
        null
    ],
    "y_init": 4.0123,
    "maxPrediction": [
        4.0123,
        4.412016027797258,
        4.619313140257721,
        4.746582123373593,
        4.822754759018679,
        4.8706760239172455,
        4.899893477541333,
        4.919282428619207,
        4.935498260078148
    ],
    "minPrediction": [
        4.0123,
        4.298365581578282,
        4.5029642007496555,
        4.653245142423159,
        4.748447344552898,
        4.811996735676965,
        4.853033322671969,
        4.881097634551615,
        4.903801306312523
    ],
    "meanPrediction": [
        4.0123,
        4.383090647886613,
        4.578559267924998,
        4.7075403462127,
        4.802128270130422,
        4.8469088665500415,
        4.877841877203259,
        4.890420115820853,
        4.915690544714575
    ],
    "dosage": [
        20,
        0,
        0,
        0,
        0,
        0,
        0,
        12,
        0
    ]
}