Outcome,Action
2.284590721130371,8
2.7616870403289795,2
2.491610527038574,3
2.2687010765075684,8
2.25978684425354,3
2.22689676284790048,0
2.1008758544921875,3
2.211141347885132,7
2.0463457107543945,5
2.2707252502441406,4
2.5064172744750977,5
2.6589555740356445,4
2.366023063659668,None