{
    "iter_1": {
        "patient_id": "unknown",
        "timestamp": "20250617_122458",
        "schedule_type": "recommended",
        "last_param": {
            "a": 0.44839197397232056,
            "b": 0.22822313010692596,
            "c": 2.3006067276000977,
            "noise_scale": 0.5894827246665955,
            "sig_slope": 0.2,
            "sig_offset": -3.0,
            "error_scale": 0.0
        },
        "past_outcomes": [
            2,
            2.5,
            3.4
        ],
        "past_actions": [
            4,
            5,
            null
        ],
        "y_init": 3.4,
        "maxPrediction": [
            3.4,
            3.59314312132432,
            3.6000391043890207,
            3.5914827756871306,
            3.5934381547438923,
            3.5170628111499553,
            3.2540654355215572,
            2.7052861824119083,
            2.151293699989586
        ],
        "minPrediction": [
            3.4,
            3.085503026206303,
            3.073466726444484,
            3.078422571613148,
            3.0809510322029636,
            2.567247036777164,
            1.8961230170197603,
            1.3078370315655408,
            0.8774715697590285
        ],
        "meanPrediction": [
            3.4,
            3.212741612324076,
            3.377143227049305,
            3.32472684459951,
            3.572840910161838,
            3.177785882721183,
            2.682942462816751,
            1.9838913781431655,
            1.3747680341485138
        ],
        "dosage": [
            10,
            14,
            11,
            12,
            4,
            0,
            0,
            0,
            0
        ]
    },
    "iter_2": {
        "patient_id": "unknown",
        "timestamp": "20250617_122502",
        "schedule_type": "recommended",
        "last_param": {
            "a": 0.44839197397232056,
            "b": 0.22822313010692596,
            "c": 2.3006067276000977,
            "noise_scale": 0.5894827246665955,
            "sig_slope": 0.2,
            "sig_offset": -3.0,
            "error_scale": 0.0
        },
        "past_outcomes": [
            2,
            2.5,
            3.4
        ],
        "past_actions": [
            4,
            5,
            null
        ],
        "y_init": 3.4,
        "maxPrediction": [
            3.4,
            3.597396893917108,
            3.5904428623250717,
            3.589735954525467,
            3.59039822006436,
            3.5072800835453677,
            3.2161723558382196,
            2.6927315542705483,
            2.101065216126895
        ],
        "minPrediction": [
            3.4,
            3.080325748218821,
            3.07688437662911,
            3.101286795939525,
            3.071119508670405,
            2.5590476558761392,
            1.9217586143835337,
            1.275919057012969,
            0.8907363640216268
        ],
        "meanPrediction": [
            3.4,
            3.2783202190981187,
            3.23685099813229,
            3.587619701022085,
            3.109372889098836,
            3.160590522150444,
            2.534547560349902,
            1.9610567110124242,
            1.4022968448455106
        ],
        "dosage": [
            10,
            13,
            14,
            6,
            8,
            0,
            0,
            0,
            0
        ]
    },
    "iter_3": {
        "patient_id": "unknown",
        "timestamp": "20250617_122505",
        "schedule_type": "recommended",
        "last_param": {
            "a": 0.44839197397232056,
            "b": 0.22822313010692596,
            "c": 2.3006067276000977,
            "noise_scale": 0.5894827246665955,
            "sig_slope": 0.2,
            "sig_offset": -3.0,
            "error_scale": 0.0
        },
        "past_outcomes": [
            2,
            2.5,
            3.4
        ],
        "past_actions": [
            4,
            5,
            null
        ],
        "y_init": 3.4,
        "maxPrediction": [
            3.4,
            3.5840423242541397,
            3.595995211907089,
            3.6010383544935247,
            3.60149413636096,
            3.5447787893995995,
            3.2294546899801526,
            2.6822645832105714,
            2.124369409849201
        ],
        "minPrediction": [
            3.4,
            3.08611354757455,
            3.097249102509597,
            3.086943746843918,
            3.0647149732203984,
            2.5804027723609613,
            1.8725448079123352,
            1.3130076425827937,
            0.8921671301946966
        ],
        "meanPrediction": [
            3.4,
            3.410073777114037,
            3.5103358735645807,
            3.4296796028447867,
            3.257208940814359,
            3.220166426909027,
            2.644341360967968,
            1.9186949247767207,
            1.3546311815200762
        ],
        "dosage": [
            10,
            10,
            8,
            9,
            12,
            2,
            0,
            0,
            0
        ]
    },
    "iter_4": {
        "patient_id": "unknown",
        "timestamp": "20250617_122509",
        "schedule_type": "recommended",
        "last_param": {
            "a": 0.44839197397232056,
            "b": 0.22822313010692596,
            "c": 2.3006067276000977,
            "noise_scale": 0.5894827246665955,
            "sig_slope": 0.2,
            "sig_offset": -3.0,
            "error_scale": 0.0
        },
        "past_outcomes": [
            2,
            2.5,
            3.4
        ],
        "past_actions": [
            4,
            5,
            null
        ],
        "y_init": 3.4,
        "maxPrediction": [
            3.4,
            3.582502772928696,
            3.6034953861577996,
            3.5991922727393755,
            3.5910054281125814,
            3.542864922483277,
            3.220312441122445,
            2.6549586518064756,
            2.094737920864329
        ],
        "minPrediction": [
            3.4,
            3.078555897065251,
            3.093848264606534,
            3.092140671497956,
            3.0767996696605566,
            2.5806724819629303,
            1.9059174022722791,
            1.296334555740598,
            0.863351368605398
        ],
        "meanPrediction": [
            3.4,
            3.328541419462763,
            3.5805662127187574,
            3.3032161889782614,
            3.3433571685645145,
            3.30530254801273,
            2.8031043143235,
            1.9473061273657213,
            1.324710126962929
        ],
        "dosage": [
            10,
            12,
            6,
            12,
            11,
            0,
            0,
            0,
            0
        ]
    },
    "iter_5": {
        "patient_id": "unknown",
        "timestamp": "20250617_122512",
        "schedule_type": "recommended",
        "last_param": {
            "a": 0.44839197397232056,
            "b": 0.22822313010692596,
            "c": 2.3006067276000977,
            "noise_scale": 0.5894827246665955,
            "sig_slope": 0.2,
            "sig_offset": -3.0,
            "error_scale": 0.0
        },
        "past_outcomes": [
            2,
            2.5,
            3.4
        ],
        "past_actions": [
            4,
            5,
            null
        ],
        "y_init": 3.4,
        "maxPrediction": [
            3.4,
            3.598589205018823,
            3.6120938387038737,
            3.6059265703217314,
            3.5920550723934177,
            3.5402473418619036,
            3.239312782930098,
            2.7130526132900594,
            2.1193768418525405
        ],