{
    "iter_1": {
        "patient_id": "unknown",
        "timestamp": "20250617_124727",
        "schedule_type": "recommended",
        "last_param": {
            "a": 0.44839197397232056,
            "b": 0.22822313010692596,
            "c": 2.3006067276000977,
            "noise_scale": 0.5894827246665955,
            "sig_slope": 0.2,
            "sig_offset": -3.0,
            "error_scale": 0.0
        },
        "past_outcomes": [
            2,
            2.5,
            3.4
        ],
        "past_actions": [
            4,
            5,
            null
        ],
        "y_init": 3.4,
        "maxPrediction": [
            3.4,
            3.5848998584022373,
            3.6055046025838267,
            3.6026905984438766,
            3.6097208634432305,
            3.5242526040692708,
            3.223872407733823,
            2.672148289996562,
            2.069441118180161
        ],
        "minPrediction": [
            3.4,
            3.0736708913832196,
            3.0922390125253307,
            3.099589148330873,
            3.059519684014339,
            2.5281078310464276,
            1.8607178829635584,
            1.2713389129529853,
            0.8656688753032411
        ],
        "meanPrediction": [
            3.4,
            3.210904862057739,
            3.373927672063048,
            3.552349149476768,
            3.367820565928782,
            3.073998883530023,
            2.3734033598502804,
            1.8465513779916753,
            1.404160691882206
        ],
        "dosage": [
            10,
            14,
            11,
            7,
            9,
            0,
            0,
            0,
            0
        ]
    },
    "iter_2": {
        "patient_id": "unknown",
        "timestamp": "20250617_124729",
        "schedule_type": "recommended",
        "last_param": {
            "a": 0.44839197397232056,
            "b": 0.22822313010692596,
            "c": 2.3006067276000977,
            "noise_scale": 0.5894827246665955,
            "sig_slope": 0.2,
            "sig_offset": -3.0,
            "error_scale": 0.0
        },
        "past_outcomes": [
            2,
            2.5,
            3.4
        ],
        "past_actions": [
            4,
            5,
            null
        ],
        "y_init": 3.4,
        "maxPrediction": [
            3.4,
            3.577741156262534,
            3.585800229969699,
            3.6013072750729966,
            3.618292920326259,
            3.537741375964227,
            3.160953386772015,
            2.6147101647127244,
            2.0455419966471555
        ],
        "minPrediction": [
            3.4,
            3.0828324469502633,
            3.1048808175725218,
            3.0895273086098243,
            3.059284265566892,
            2.5508998671032383,
            1.8610423915586938,
            1.2533928419610552,
            0.8587955672923894
        ],
        "meanPrediction": [
            3.4,
            3.2851266310582257,
            3.390925431976078,
            3.534571649976139,
            3.0784580543686464,
            3.223018449989942,
            2.5561758881709684,
            1.9170962361272295,
            1.3997861620359582
        ],
        "dosage": [
            10,
            12,
            10,
            7,
            12,
            0,
            0,
            0,
            0
        ]
    },
    "iter_3": {
        "patient_id": "unknown",
        "timestamp": "20250617_124732",
        "schedule_type": "recommended",
        "last_param": {
            "a": 0.44839197397232056,
            "b": 0.22822313010692596,
            "c": 2.3006067276000977,
            "noise_scale": 0.5894827246665955,
            "sig_slope": 0.2,
            "sig_offset": -3.0,
            "error_scale": 0.0
        },
        "past_outcomes": [
            2,
            2.5,
            3.4
        ],
        "past_actions": [
            4,
            5,
            null
        ],
        "y_init": 3.4,
        "maxPrediction": [
            3.4,
            3.5882462253568415,
            3.6000913745951197,
            3.60283656192193,
            3.5803409804127737,
            3.514313710350429,
            3.248551708186106,
            2.707496264540095,
            2.1408963845389843
        ],
        "minPrediction": [
            3.4,
            3.0878526159285653,
            3.0565482532681503,
            3.088287221538708,
            3.087605357346305,
            2.5707683344596473,
            1.8830654213212774,
            1.2927545382556345,
            0.8465166816321353
        ],
        "meanPrediction": [
            3.4,
            3.3385563724388208,
            3.353199247423748,
            3.3150781518377697,
            3.0058873593165796,
            2.9889538539594596,
            2.196519124900766,
            1.8075785518378105,
            1.471998571388581
        ],
        "dosage": [
            10,
            11,
            11,
            12,
            7,
            0,
            0,
            0,
            0
        ]
    },
    "iter_4": {
        "patient_id": "unknown",
        "timestamp": "20250617_124735",
        "schedule_type": "recommended",
        "last_param": {
            "a": 0.44839197397232056,
            "b": 0.22822313010692596,
            "c": 2.3006067276000977,
            "noise_scale": 0.5894827246665955,
            "sig_slope": 0.2,
            "sig_offset": -3.0,
            "error_scale": 0.0
        },
        "past_outcomes": [
            2,
            2.5,
            3.4
        ],
        "past_actions": [
            4,
            5,
            null
        ],
        "y_init": 3.4,
        "maxPrediction": [
            3.4,
            3.5724847294297315,
            3.609402809334407,
            3.605753345258011,
            3.5904303297223645,
            3.537322312632327,
            3.21193442608956,
            2.6594695218860505,
            2.11731831827278
        ],
        "minPrediction": [
            3.4,
            3.0872961707899993,
            3.0928438521130635,
            3.077457341406166,
            3.0696928444747402,
            2.618346779558767,
            1.9148680282838606,
            1.3152645186273637,
            0.8662267542083867
        ],
        "meanPrediction": [
            3.4,
            3.3664595604611174,
            3.4279445800201724,
            3.540229494255109,
            3.224834289719195,
            3.227195818146242,
            2.485306081738587,
            1.8999554052717675,
            1.348726449412517
        ],
        "dosage": [
            10,
            11,
            9,
            7,
            13,
            1,
            0,
            0,
            0
        ]
    },
    "iter_5": {
        "patient_id": "unknown",
        "timestamp": "20250617_124738",
        "schedule_type": "recommended",
        "last_param": {
            "a": 0.44839197397232056,
            "b": 0.22822313010692596,
            "c": 2.3006067276000977,
            "noise_scale": 0.5894827246665955,
            "sig_slope": 0.2,
            "sig_offset": -3.0,
            "error_scale": 0.0
        },
        "past_outcomes": [
            2,
            2.5,
            3.4
        ],
        "past_actions": [
            4,
            5,
            null
        ],
        "y_init": 3.4,
        "maxPrediction": [
            3.4,
            3.5806404012207453,
            3.608149728964198,
            3.5946881584512704,
            3.5929212740138343,
            3.5190892326456504,
            3.175035336720729,
            2.6314471005420503,
            2.0427530105743537
        ],