{
    "patient_id": "11",
    "timestamp": "20250616_180319",
    "schedule_type": "manual",
    "last_param": {
        "a": 0.44839197397232056,
        "b": 0.22822313010692596,
        "c": 2.3006067276000977,
        "error_scale": 0,
        "noise_scale": 0.5894827246665955,
        "sig_offset": -3,
        "sig_slope": 0.2
    },
    "past_outcomes": [
        2,
        2.5,
        3.4
    ],
    "past_actions": [
        4,
        5,
        null
    ],
    "y_init": 3.4,
    "future_actions": [
        11.333333333333334,
        9.916666666666666,
        8.5,
        7.083333333333333,
        5.666666666666667,
        4.25,
        2.8333333333333335,
        1.4166666666666667
    ],
    "max_outcomes": [
        3.6281425351130063,
        3.6290259907276448,
        3.5501047167343134,
        3.432620356117783,
        3.2124481517058925,
        2.839517609854457,
        2.4328741098929227,
        1.9180966720667756
    ],
    "min_outcomes": [
        3.133477073676642,
        2.897748759718996,
        2.6606187572683613,
        2.342447912183851,
        1.9245691083032306,
        1.5032038479318135,
        1.0631153717730426,
        0.7175702312614499
    ],
    "median_trajectory": [
        3.327877953963551,
        3.2691692309105758,
        2.871979663984186,
        2.81938246279712,
        2.551444086819849,
        2.106726260153261,
        1.582617920303383,
        1.2907111665105873
    ],
    "median_actions": [
        11.333333333333334,
        9.916666666666666,
        8.5,
        7.083333333333333,
        5.666666666666667,
        4.25,
        2.8333333333333335,
        1.4166666666666667
    ],
    "median_score": 3.76704119252875
}