{
  "iter_1": {
    "patient_id": "11",
    "timestamp": "20250616_225031",
    "schedule_type": "manual",
    "last_param": {
      "a": 0.44839197397232056,
      "b": 0.22822313010692596,
      "c": 2.3006067276000977,
      "error_scale": 0,
      "noise_scale": 0.5894827246665955,
      "sig_offset": -3,
      "sig_slope": 0.2
    },
    "past_outcomes": [
      2,
      2.5,
      3.4
    ],
    "past_actions": [
      4,
      5,
      null
    ],
    "y_init": 3.4,
    "future_actions": [
      1.4166666666666667,
      2.8333333333333335,
      4.25,
      5.666666666666667,
      7.083333333333333,
      8.5,
      9.916666666666666,
      11.333333333333334
    ],
    "max_outcomes": [
      3.134099647593094,
      2.752386707264152,
      2.4228440842787644,
      2.221131810390016,
      2.063833747108012,
      1.921651244560847,
      1.8598622770868365,
      1.8794685842132566
    ],
    "min_outcomes": [
      2.5933453655388026,
      1.9739543380560027,
      1.5032919859046705,
      1.1770848249712493,
      1.0154232949470148,
      0.9133633427270467,
      0.8732029165728363,
      0.8920751925165663
    ],
    "median_trajectory": [
      2.9296457670838096,
      2.228715066292922,
      1.9507150105050697,
      1.432191133085674,
      1.204044155615978,
      1.0877124627174397,
      1.0356409009735463,
      1.3800205471578102
    ],
    "median_actions": [
      1.4166666666666667,
      2.8333333333333335,
      4.25,
      5.666666666666667,
      7.083333333333333,
      8.5,
      9.916666666666666,
      11.333333333333334
    ],
    "median_score": 3.036059361408277
  },
  "iter_2": {
    "patient_id": "11",
    "timestamp": "20250616_225038",
    "schedule_type": "manual",
    "last_param": {
      "a": 0.474,
      "b": 0.215,
      "c": 2.272,
      "error_scale": 0,
      "noise_scale": 0.5894827246665955,
      "sig_offset": -3,
      "sig_slope": 0.2
    },
    "past_outcomes": [
      2,
      2.5,
      3.4
    ],
    "past_actions": [
      4,
      5,
      null
    ],
    "y_init": 3.4,
    "future_actions": [
      11.333333333333334,
      9.916666666666666,
      8.5,
      7.083333333333333,
      5.666666666666667,
      4.25,
      2.8333333333333335,
      1.4166666666666667
    ],
    "max_outcomes": [
      3.646814774845193,
      3.6175135597248103,
      3.5655737555432534,
      3.422964995778489,
      3.1822812152990854,
      2.8394462168804506,
      2.39068914215762,
      1.894023015408713
    ],
    "min_outcomes": [
      3.1411238963036014,
      2.920552133840624,
      2.644086114563028,
      2.3513147400820675,
      1.9607492525545003,
      1.5338418274698944,
      1.0667992200783603,
      0.7358404663388927
    ],
    "median_trajectory": [
      3.3981406575484203,
      3.0598467135773944,
      2.7093255565828027,
      2.5646931162458038,
      2.4470773298645048,
      2.1051814265280773,
      1.83327172130251,
      1.340104899166774
    ],
    "median_actions": [
      11.333333333333334,
      9.916666666666666,
      8.5,
      7.083333333333333,
      5.666666666666667,
      4.25,
      2.8333333333333335,
      1.4166666666666667
    ],
    "median_score": 3.773668958221695
  },
  "iter_3": {
    "patient_id": "11",
    "timestamp": "20250616_225043",
    "schedule_type": "manual",
    "last_param": {
      "a": 0.487,
      "b": 0.267,
      "c": 2.295,
      "error_scale": 0,
      "noise_scale": 0.5894827246665955,
      "sig_offset": -3,
      "sig_slope": 0.2
    },
    "past_outcomes": [
      2,
      2.5,
      3.4
    ],
    "past_actions": [
      4,
      5,
      null
    ],
    "y_init": 3.4,
    "future_actions": [
      6.375,
      6.375,
      6.375,
      6.375,
      6.375,
      6.375,
      6.375,
      6.375
    ],
    "max_outcomes": [
      3.411401157417904,
      3.260700404559249,
      3.069522727795628,
      2.843095615554007,
      2.620092894670953,
      2.410278136547824,
      2.1761400509483226,
      1.9672748566254172
    ],
    "min_outcomes": [
      2.843151859872111,
      2.469240995717493,
      2.0742765138286297,
      1.7294995117411627,
      1.4369493247917204,
      1.1615011829644082,
      0.969947469731087,
      0.8239075508129206
    ],
    "median_trajectory": [
      3.3744247723252014,
      3.104317916308739,
      2.588345572455249,
      2.244372164278296,
      1.9736792775759482,
      1.7591236210671135,
      1.3619335783333222,
      1.229617237162075
    ],
    "median_actions": [
      6.375,
      6.375,
      6.375,
      6.375,
      6.375,
      6.375,
      6.375,
      6.375
    ],
    "median_score": 3.4337226122413873
  }
}