{
    "iter_1": {
        "patient_id": "unknown",
        "timestamp": "20250616_225000",
        "schedule_type": "recommended",
        "last_param": {
            "a": 0.44839197397232056,
            "b": 0.22822313010692596,
            "c": 2.3006067276000977,
            "noise_scale": 0.5894827246665955,
            "sig_slope": 0.2,
            "sig_offset": -3.0,
            "error_scale": 0.0
        },
        "past_outcomes": [
            2,
            2.5,
            3.4
        ],
        "past_actions": [
            4,
            5,
            null
        ],
        "y_init": 3.4,
        "maxPrediction": [
            3.4,
            3.7946925343405955,
            3.962046453460484,
            3.9477446827843718,
            3.9458149486368542,
            3.8599926467375453,
            3.9657653263551453,
            3.681346060314523,
            3.3960804232192342
        ],
        "minPrediction": [
            3.4,
            3.276177168290939,
            3.4453773482315516,
            3.43363409843352,
            3.417004854114707,
            2.9489968437803506,
            2.6772822097104163,
            2.331690123382293,
            2.2068247024992046
        ],
        "meanPrediction": [
            3.4,
            3.728571072028427,
            3.758491040484911,
            3.58304009815752,
            3.5162992566820334,
            3.540389615276735,
            3.266401540065887,
            3.0183782185935956,
            2.7428080875084645
        ],
        "dosage": [
            10,
            7,
            10,
            13,
            11,
            0,
            0,
            0,
            0
        ]
    },
    "iter_2": {
        "patient_id": "unknown",
        "timestamp": "20250616_225004",
        "schedule_type": "recommended",
        "last_param": {
            "a": 0.44839197397232056,
            "b": 0.22822313010692596,
            "c": 2.3006067276000977,
            "noise_scale": 0.5894827246665955,
            "sig_slope": 0.2,
            "sig_offset": -3.0,
            "error_scale": 0.0
        },
        "past_outcomes": [
            2,
            2.5,
            3.4
        ],
        "past_actions": [
            4,
            5,
            null
        ],
        "y_init": 3.4,
        "maxPrediction": [
            3.4,
            3.7958780237251124,
            3.9525763552765167,
            3.9614646781338138,
            3.942451957811475,
            3.870609070332147,
            3.930478472534314,
            3.715249839851564,
            3.3988438717367194
        ],
        "minPrediction": [
            3.4,
            3.28376801001469,
            3.4387117793830106,
            3.435215384412095,
            3.424419723054996,
            2.9302953877922192,
            2.8915507348853175,
            2.32481138124887,
            2.2079891184590136
        ],
        "meanPrediction": [
            3.4,
            3.5522942766063757,
            3.749845970451266,
            3.787493969156289,
            3.5377619897306664,
            3.799716221947962,
            3.728988435718735,
            3.011644760142425,
            2.6986243918856091
        ],
        "dosage": [
            10,
            11,
            10,
            9,
            11,
            0,
            0,
            0,
            0
        ]
    },
    "iter_3": {
        "patient_id": "unknown",
        "timestamp": "20250616_225008",
        "schedule_type": "recommended",
        "last_param": {
            "a": 0.44839197397232056,
            "b": 0.22822313010692596,
            "c": 2.3006067276000977,
            "noise_scale": 0.5894827246665955,
            "sig_slope": 0.2,
            "sig_offset": -3.0,
            "error_scale": 0.0
        },
        "past_outcomes": [
            2,
            2.5,
            3.4
        ],
        "past_actions": [
            4,
            5,
            null
        ],
        "y_init": 3.4,
        "maxPrediction": [
            3.4,
            3.796661207152468,
            3.95582411509003,
            3.953572298452894,
            3.952497759356157,
            3.876004417650922,
            3.9579559223618657,
            3.743730966125556,
            3.461540525793751
        ],
        "minPrediction": [
            3.4,
            3.2904606330611863,
            3.4333352296103573,
            3.438665056403419,
            3.4211633644209004,
            2.8976264045042707,
            2.6354059467386792,
            2.315893943849981,
            2.1965420095207346
        ],
        "meanPrediction": [
            3.4,
            3.4963986452699796,
            3.679584088139102,
            3.7937742709232455,
            3.612920840672336,
            3.371558816319941,
            3.221873034066482,
            3.0460767178704222,
            2.7596905191372888
        ],
        "dosage": [
            10,
            12,
            12,
            9,
            8,
            0,
            0,
            0,
            0
        ]
    },
    "iter_4": {
        "patient_id": "unknown",
        "timestamp": "20250616_225012",
        "schedule_type": "recommended",
        "last_param": {
            "a": 0.44839197397232056,
            "b": 0.22822313010692596,
            "c": 2.3006067276000977,
            "noise_scale": 0.5894827246665955,
            "sig_slope": 0.2,
            "sig_offset": -3.0,
            "error_scale": 0.0
        },
        "past_outcomes": [
            2,
            2.5,
            3.4
        ],
        "past_actions": [
            4,
            5,
            null
        ],
        "y_init": 3.4,
        "maxPrediction": [
            3.4,
            3.7918035465670966,
            3.954090969180259,
            3.9410318876586405,
            3.9387284456948967,
            3.8706666418307626,
            3.976793518479194,
            3.715460702615596,
            3.4134495365176306
        ],
        "minPrediction": [
            3.4,
            3.291771837590695,
            3.4588379889639848,
            3.4530706326747324,
            3.4252894163080224,
            2.933178792353515,
            2.6750924566523724,
            2.3770276994677923,
            2.2249324403379225
        ],
        "meanPrediction": [
            3.4,
            3.5212731243977256,
            3.6639641045523143,
            3.809736145632086,
            3.5973360522695094,
            3.3682755439535445,
            3.229322340181514,
            3.021432078822004,
            2.751155248066532
        ],
        "dosage": [
            10,
            12,
            12,
            9,
            8,
            0,
            0,
            0,
            0
        ]
    },
    "iter_5": {
        "patient_id": "unknown",
        "timestamp": "20250616_225015",
        "schedule_type": "recommended",
        "last_param": {
            "a": 0.44839197397232056,
            "b": 0.22822313010692596,
            "c": 2.3006067276000977,
            "noise_scale": 0.5894827246665955,
            "sig_slope": 0.2,
            "sig_offset": -3.0,
            "error_scale": 0.0
        },
        "past_outcomes": [
            2,
            2.5,
            3.4
        ],
        "past_actions": [
            4,
            5,
            null
        ],
        "y_init": 3.4,
        "maxPrediction": [
            3.4,
            3.7767436064559766,
            3.945207979977184,
            3.928873166196237,
            3.9669433333137193,
            3.8846691857661026,
            3.945556478909092,
            3.7416462507411127,
            3.4725532200357313
        ],