{
  "iter_1": {
    "patient_id": "unknown",
    "timestamp": "20250616_225000",
    "schedule_type": "recommended",
    "last_param": {
      "a": 0.44839197397232056,
      "b": 0.22822313010692596,
      "c": 2.3006067276000977,
      "noise_scale": 0.5894827246665955,
      "sig_slope": 0.2,
      "sig_offset": -3.0,
      "error_scale": 0.0
    },
    "past_outcomes": [
      2,
      2.5,
      3.4
    ],
    "past_actions": [
      4,
      5,
      null
    ],
    "y_init": 3.4,
    "maxPrediction": [
      3.4,
      3.984427161057625,
      3.962046453460484,
      3.947744682784372,
      3.9458149486368543,
      3.8599926467375454,
      3.9657653263551453,
      3.681346060314523,
      3.3960804232192343
    ],
    "minPrediction": [
      3.4,
      3.439986026705486,
      3.4453773482315517,
      3.43363409843352,
      3.417004854114707,
      2.9489968437803507,
      2.677282209710416,
      2.331690123382293,
      2.2068247024992047
    ],
    "meanPrediction": [
      3.4,
      3.9149996256298483,
      3.758491040484911,
      3.58304009815752,
      3.5162992566820335,
      3.540389615276735,
      3.266401540065887,
      3.0183782185935955,
      2.7428080875084646
    ],
    "dosage": [
      10,
      7,
      10,
      13,
      11,
      0,
      0,
      0,
      0
    ]
  },
  "iter_2": {
    "patient_id": "unknown",
    "timestamp": "20250616_225004",
    "schedule_type": "recommended",
    "last_param": {
      "a": 0.416,
      "b": 0.256,
      "c": 2.322,
      "noise_scale": 0.5894827246665955,
      "sig_slope": 0.2,
      "sig_offset": -3.0,
      "error_scale": 0.0
    },
    "past_outcomes": [
      2,
      2.5,
      3.4
    ],
    "past_actions": [
      4,
      5,
      null
    ],
    "y_init": 3.4,
    "maxPrediction": [
      3.4,
      3.985671924911368,
      3.9525763552765167,
      3.961464678133814,
      3.942451957811475,
      3.870609070332147,
      3.930478472534314,
      3.715249839851564,
      3.3988438717367195
    ],
    "minPrediction": [
      3.4,
      3.447956410515425,
      3.4387117793830106,
      3.435215384412095,
      3.424419723054996,
      2.9302953877922193,
      2.8915507348853176,
      2.32481138124887,
      2.2079891184590137
    ],
    "meanPrediction": [
      3.4,
      3.7299089904366944,
      3.749845970451266,
      3.787493969156289,
      3.5377619897306665,
      3.799716221947962,
      3.728988435718735,
      3.011644760142425,
      2.698624391885609
    ],
    "dosage": [
      10,
      11,
      10,
      9,
      11,
      0,
      0,
      0,
      0
    ]
  },
  "iter_3": {
    "patient_id": "unknown",
    "timestamp": "20250616_225008",
    "schedule_type": "recommended",
    "last_param": {
      "a": 0.44,
      "b": 0.225,
      "c": 2.269,
      "noise_scale": 0.5894827246665955,
      "sig_slope": 0.2,
      "sig_offset": -3.0,
      "error_scale": 0.0
    },
    "past_outcomes": [
      2,
      2.5,
      3.4
    ],
    "past_actions": [
      4,
      5,
      null
    ],
    "y_init": 3.4,
    "maxPrediction": [
      3.4,
      3.9864942675100914,
      3.95582411509003,
      3.953572298452894,
      3.952497759356157,
      3.876004417650922,
      3.9579559223618657,
      3.743730966125556,
      3.461540525793751
    ],
    "minPrediction": [
      3.4,
      3.4549836647142453,
      3.4333352296103574,
      3.438665056403419,
      3.4211633644209005,
      2.897626404504271,
      2.635405946738679,
      2.315893943849981,
      2.1965420095207344
    ],
    "meanPrediction": [
      3.4,
      3.671218577533479,
      3.679584088139102,
      3.7937742709232456,
      3.612920840672336,
      3.371558816319941,
      3.221873034066482,
      3.046076717870422,
      2.7596905191372887
    ],
    "dosage": [
      10,
      12,
      12,
      9,
      8,
      0,
      0,
      0,
      0
    ]
  },
  "iter_4": {
    "patient_id": "unknown",
    "timestamp": "20250616_225012",
    "schedule_type": "recommended",
    "last_param": {
      "a": 0.434,
      "b": 0.272,
      "c": 2.301,
      "noise_scale": 0.5894827246665955,
      "sig_slope": 0.2,
      "sig_offset": -3.0,
      "error_scale": 0.0
    },
    "past_outcomes": [
      2,
      2.5,
      3.4
    ],
    "past_actions": [
      4,
      5,
      null
    ],
    "y_init": 3.4,
    "maxPrediction": [
      3.4,
      3.9813937238954518,
      3.954090969180259,
      3.9410318876586405,
      3.9387284456948968,
      3.8706666418307627,
      3.976793518479194,
      3.715460702615596,
      3.4134495365176307
    ],
    "minPrediction": [
      3.4,
      3.4563604294702297,
      3.458837988963985,
      3.4530706326747325,
      3.4252894163080225,
      2.933178792353515,
      2.6750924566523726,
      2.377027699467792,
      2.2249324403379225
    ],
    "meanPrediction": [
      3.4,
      3.6973367806176123,
      3.6639641045523144,
      3.809736145632086,
      3.5973360522695095,
      3.3682755439535446,
      3.229322340181514,
      3.021432078822004,
      2.751155248066532
    ],
    "dosage": [
      10,
      12,
      12,
      9,
      8,
      0,
      0,
      0,
      0
    ]
  },
  "iter_5": {
    "patient_id": "unknown",
    "timestamp": "20250616_225015",
    "schedule_type": "recommended",
    "last_param": {
      "a": 0.459,
      "b": 0.195,
      "c": 2.293,
      "noise_scale": 0.5894827246665955,
      "sig_slope": 0.2,
      "sig_offset": -3.0,
      "error_scale": 0.0
    },
    "past_outcomes": [
      2,
      2.5,
      3.4
    ],
    "past_actions": [
      4,
      5,
      null
    ],
    "y_init": 3.4,
    "maxPrediction": [
      3.4,
      3.9655807867787756,
      3.945207979977184,
      3.928873166196237,
      3.9669433333137194,
      3.8846691857661027,
      3.945556478909092,
      3.7416462507411126,
      3.4725532200357314
    ],
    "minPrediction": [
      3.4,
      3.46269542231531,
      3.441836124554362,
      3.4446796027325424,
      3.42340627104962,
      2.930081072177149,
      2.6290677990616187,
      2.3140723366287204,
      2.218925563658176
    ],
    "meanPrediction": [
      3.4,
      3.53530240487717,
      3.8064549368656073,
      3.7190815712331395,
      3.664269995392762,
      3.3057232304171955,
      3.125332163085405,
      2.811698550912298,
      2.814710817224371
    ],
    "dosage": [
      10,
      15,
      9,
      11,
      6,
      0,
      0,
      0,
      0
    ]
  }
}