{
    "patient_id": "11",
    "timestamp": "20250616_180304",
    "schedule_type": "recommended",
    "last_param": {
        "a": 0.44839197397232056,
        "b": 0.22822313010692596,
        "c": 2.3006067276000977,
        "noise_scale": 0.5894827246665955,
        "sig_slope": 0.2,
        "sig_offset": -3.0,
        "error_scale": 0.0
    },
    "past_outcomes": [
        2,
        2.5,
        3.4
    ],
    "past_actions": [
        4,
        5,
        null
    ],
    "y_init": 3.4,
    "maxPrediction": [
        3.4,
        3.586650950665457,
        3.591131955563099,
        3.5996674212409583,
        3.5986576866649322,
        3.5246193983195853,
        3.289083216093833,
        2.7209698101249447,
        2.139802894606129
    ],
    "minPrediction": [
        3.4,
        3.083871327770227,
        3.0876129966552623,
        3.0890339633538075,
        3.0628344476427602,
        2.5269993770486536,
        1.905216041113164,
        1.3166494373238995,
        0.8668110035764491
    ],
    "meanPrediction": [
        3.4,
        3.5287276647401926,
        3.3460854802536537,
        3.441742869469551,
        3.202206111503715,
        3.336860285098155,
        2.731796085235159,
        2.020038685972438,
        1.3280156097070928
    ],
    "dosage": [
        10,
        7,
        11,
        9,
        14,
        0,
        0,
        0,
        0
    ]
}