{
    "iter_1": {
        "patient_id": "14",
        "timestamp": "20250617_123033",
        "schedule_type": "recommended",
        "last_param": {
            "a": 0.8569257259368896,
            "b": 0.02038869634270668,
            "c": 0.4107247591018677,
            "noise_scale": 0.7542547583580017,
            "sig_slope": 0.2,
            "sig_offset": -3.0,
            "error_scale": 0.0
        },
        "past_outcomes": [
            2.3,
            2.53,
            3.201,
            2.83
        ],
        "past_actions": [
            5,
            3,
            4.4,
            null
        ],
        "y_init": 2.83,
        "maxPrediction": [
            2.83,
            2.9906420799479903,
            2.9382811938560414,
            2.807924033887179,
            2.6684432211972506,
            2.4435165188437074,
            2.2447183771888772,
            2.0713475393457736
        ],
        "minPrediction": [
            2.83,
            2.2810206129646895,
            1.9593868131816776,
            1.6559597871581366,
            1.3268649225478004,
            1.0851687916228707,
            0.9128822092331862,
            0.7739833431901608
        ],
        "meanPrediction": [
            2.83,
            2.746416357209271,
            2.394257460189776,
            2.1535557866638406,
            1.8288765357661538,
            1.7938672698375244,
            1.2749434108885749,
            1.3414594482745776
        ],
        "dosage": [
            20,
            20,
            7,
            0,
            0,
            0,
            0,
            0
        ]
    },
    "iter_2": {
        "patient_id": "14",
        "timestamp": "20250617_123036",
        "schedule_type": "recommended",
        "last_param": {
            "a": 0.8569257259368896,
            "b": 0.02038869634270668,
            "c": 0.4107247591018677,
            "noise_scale": 0.7542547583580017,
            "sig_slope": 0.2,
            "sig_offset": -3.0,
            "error_scale": 0.0
        },
        "past_outcomes": [
            2.3,
            2.53,
            3.201,
            2.83
        ],
        "past_actions": [
            5,
            3,
            4.4,
            null
        ],
        "y_init": 2.83,
        "maxPrediction": [
            2.83,
            2.9886523626353574,
            2.9771534689232313,
            2.885938273485132,
            2.635118859979263,
            2.4284072965824803,
            2.216217178849738,
            2.0202804027140577
        ],
        "minPrediction": [
            2.83,
            2.2673348979012746,
            1.9594286883265084,
            1.6086642328258953,
            1.3341556357038435,
            1.121879833180772,
            0.9353322108178621,
            0.7710909388923867
        ],
        "meanPrediction": [
            2.83,
            2.434493840727262,
            2.4580126963555813,
            2.402133336821014,
            1.919480689043984,
            1.8083172435954293,
            1.4365463518064934,
            1.350156622699098
        ],
        "dosage": [
            20,
            20,
            7,
            0,
            0,
            0,
            0,
            0
        ]
    },
    "iter_3": {
        "patient_id": "14",
        "timestamp": "20250617_123038",
        "schedule_type": "recommended",
        "last_param": {
            "a": 0.8569257259368896,
            "b": 0.02038869634270668,
            "c": 0.4107247591018677,
            "noise_scale": 0.7542547583580017,
            "sig_slope": 0.2,
            "sig_offset": -3.0,
            "error_scale": 0.0
        },
        "past_outcomes": [
            2.3,
            2.53,
            3.201,
            2.83
        ],
        "past_actions": [
            5,
            3,
            4.4,
            null
        ],
        "y_init": 2.83,
        "maxPrediction": [
            2.83,
            2.9877391011228385,
            2.9061154957373385,
            2.7796511170796685,
            2.6143761416099536,
            2.434168416332359,
            2.2641036728387016,
            2.0867703371682653
        ],
        "minPrediction": [
            2.83,
            2.2694420254469603,
            1.9560724919813088,
            1.625760411378846,
            1.3446540784963974,
            1.110607978760733,
            0.9511667483827316,
            0.7780485361867292
        ],
        "meanPrediction": [
            2.83,
            2.837259874658464,
            2.5334416181751207,
            2.0851247078531348,
            1.826465380786151,
            1.6306857374565342,
            1.3448218697254708,
            1.364739200241203
        ],
        "dosage": [
            20,
            20,
            7,
            0,
            0,
            0,
            0,
            0
        ]
    },
    "iter_4": {
        "patient_id": "14",
        "timestamp": "20250617_123041",
        "schedule_type": "recommended",
        "last_param": {
            "a": 0.8569257259368896,
            "b": 0.02038869634270668,
            "c": 0.4107247591018677,
            "noise_scale": 0.7542547583580017,
            "sig_slope": 0.2,
            "sig_offset": -3.0,
            "error_scale": 0.0
        },
        "past_outcomes": [
            2.3,
            2.53,
            3.201,
            2.83
        ],
        "past_actions": [
            5,
            3,
            4.4,
            null
        ],
        "y_init": 2.83,
        "maxPrediction": [
            2.83,
            3.0157077399639163,
            2.9584192469522965,
            2.844117559778286,
            2.714274852189584,
            2.49353032331599,
            2.306251498964723,
            2.080966987057411
        ],
        "minPrediction": [
            2.83,
            2.2920963280431716,
            2.0003516546538207,
            1.6330816086836695,
            1.3567159083026672,
            1.1480944153768564,
            0.9541745305994578,
            0.8069038660223252
        ],
        "meanPrediction": [
            2.83,
            2.881771577439265,
            2.376837700629825,
            2.0723753122691955,
            1.7502692537551534,
            1.5403042894251557,
            1.5654700235188308,
            1.365813652693121
        ],
        "dosage": [
            20,
            20,
            7,
            0,
            0,
            0,
            0,
            0
        ]
    },
    "iter_5": {
        "patient_id": "14",
        "timestamp": "20250617_123043",
        "schedule_type": "recommended",
        "last_param": {
            "a": 0.8569257259368896,
            "b": 0.02038869634270668,
            "c": 0.4107247591018677,
            "noise_scale": 0.7542547583580017,
            "sig_slope": 0.2,
            "sig_offset": -3.0,
            "error_scale": 0.0
        },
        "past_outcomes": [
            2.3,
            2.53,
            3.201,
            2.83
        ],
        "past_actions": [
            5,
            3,
            4.4,
            null
        ],
        "y_init": 2.83,
        "maxPrediction": [
            2.83,
            2.9994028352445534,
            2.948379455544634,
            2.8335812542542698,
            2.6485559808897774,
            2.491291876471072,
            2.256333351300407,
            2.087491131479599
        ],
        "minPrediction": [
            2.83,
            2.2583106108778015,
            1.9418006498835108,
            1.6454859013813004,
            1.347866841346746,
            1.1222066837408446,
            0.9390453317757889,
            0.7809243098290772
        ],