{
    "iter_1": {
        "patient_id": "unknown",
        "timestamp": "20250617_123855",
        "schedule_type": "recommended",
        "last_param": {
            "a": 0.8569257259368896,
            "b": 0.02038869634270668,
            "c": 0.4107247591018677,
            "noise_scale": 0.7542547583580017,
            "sig_slope": 0.2,
            "sig_offset": -3.0,
            "error_scale": 0.0
        },
        "past_outcomes": [
            2.3,
            2.53,
            3.201,
            2.83
        ],
        "past_actions": [
            5,
            3,
            4.4,
            null
        ],
        "y_init": 2.83,
        "maxPrediction": [
            2.83,
            2.9939519932499192,
            2.9424828851735967,
            2.7853117587398444,
            2.5990080885664146,
            2.425005159420679,
            2.2190307566625345,
            2.0509582474534382
        ],
        "minPrediction": [
            2.83,
            2.3019400694630225,
            1.9914470453173905,
            1.6310080252648196,
            1.3209617193410277,
            1.1121379671446825,
            0.9105629281860411,
            0.765759323790565
        ],
        "meanPrediction": [
            2.83,
            2.525835454490097,
            2.1774757158692366,
            1.8917435300903316,
            1.9482469070546165,
            1.7969568997648029,
            1.6765749612895686,
            1.3705517110817298
        ],
        "dosage": [
            20,
            20,
            7,
            0,
            0,
            0,
            0,
            0
        ]
    },
    "iter_2": {
        "patient_id": "unknown",
        "timestamp": "20250617_123857",
        "schedule_type": "recommended",
        "last_param": {
            "a": 0.8569257259368896,
            "b": 0.02038869634270668,
            "c": 0.4107247591018677,
            "noise_scale": 0.7542547583580017,
            "sig_slope": 0.2,
            "sig_offset": -3.0,
            "error_scale": 0.0
        },
        "past_outcomes": [
            2.3,
            2.53,
            3.201,
            2.83
        ],
        "past_actions": [
            5,
            3,
            4.4,
            null
        ],
        "y_init": 2.83,
        "maxPrediction": [
            2.83,
            3.0281036408841326,
            2.9855406796671664,
            2.8481398027317817,
            2.639868544474809,
            2.481784360868687,
            2.256822236461751,
            2.088966389562791
        ],
        "minPrediction": [
            2.83,
            2.259501074788703,
            1.976320863642324,
            1.619231354391578,
            1.3488093488603852,
            1.0941227341725934,
            0.9580041520913513,
            0.7774832789765543
        ],
        "meanPrediction": [
            2.83,
            2.532646182959212,
            2.5845861150519784,
            2.1210062535444836,
            1.8595344685893034,
            1.5723571559683303,
            1.4680749692005293,
            1.3752723834009262
        ],
        "dosage": [
            20,
            20,
            7,
            0,
            0,
            0,
            0,
            0
        ]
    },
    "iter_3": {
        "patient_id": "unknown",
        "timestamp": "20250617_123900",
        "schedule_type": "recommended",
        "last_param": {
            "a": 0.8569257259368896,
            "b": 0.02038869634270668,
            "c": 0.4107247591018677,
            "noise_scale": 0.7542547583580017,
            "sig_slope": 0.2,
            "sig_offset": -3.0,
            "error_scale": 0.0
        },
        "past_outcomes": [
            2.3,
            2.53,
            3.201,
            2.83
        ],
        "past_actions": [
            5,
            3,
            4.4,
            null
        ],
        "y_init": 2.83,
        "maxPrediction": [
            2.83,
            2.992916056720416,
            2.9434779271718288,
            2.8316421995701595,
            2.6312482405249975,
            2.434833578149911,
            2.2871305588821595,
            2.10922246788635
        ],
        "minPrediction": [
            2.83,
            2.2792045365298663,
            1.9469516217720209,
            1.6448876178994316,
            1.3476605963127066,
            1.1240551712127842,
            0.9464835111090676,
            0.7944357127515207
        ],
        "meanPrediction": [
            2.83,
            2.4283966788796647,
            2.2751495288099424,
            1.935847876270906,
            1.935008073279196,
            1.8356844557249388,
            1.552955759126354,
            1.3952972624073101
        ],
        "dosage": [
            20,
            20,
            7,
            0,
            0,
            0,
            0,
            0
        ]
    },
    "iter_4": {
        "patient_id": "unknown",
        "timestamp": "20250617_123902",
        "schedule_type": "recommended",
        "last_param": {
            "a": 0.8569257259368896,
            "b": 0.02038869634270668,
            "c": 0.4107247591018677,
            "noise_scale": 0.7542547583580017,
            "sig_slope": 0.2,
            "sig_offset": -3.0,
            "error_scale": 0.0
        },
        "past_outcomes": [
            2.3,
            2.53,
            3.201,
            2.83
        ],
        "past_actions": [
            5,
            3,
            4.4,
            null
        ],
        "y_init": 2.83,
        "maxPrediction": [
            2.83,
            2.9793127453876984,
            2.942175174238574,
            2.8234703190263497,
            2.593972064212073,
            2.373301288133827,
            2.177929450428989,
            2.0096998970543596
        ],
        "minPrediction": [
            2.83,
            2.2825956840205226,
            1.9328063572318874,
            1.6608981712103088,
            1.3689806626891718,
            1.1464654781795762,
            0.9444561814848182,
            0.7786775161236714
        ],
        "meanPrediction": [
            2.83,
            2.551586490629809,
            2.7548327746639503,
            2.400860915882064,
            2.0921359798586767,
            1.8081999561861322,
            1.5265080593425961,
            1.237656292565201
        ],
        "dosage": [
            20,
            20,
            7,
            0,
            0,
            0,
            0,
            0
        ]
    },
    "iter_5": {
        "patient_id": "unknown",
        "timestamp": "20250617_123904",
        "schedule_type": "recommended",
        "last_param": {
            "a": 0.8569257259368896,
            "b": 0.02038869634270668,
            "c": 0.4107247591018677,
            "noise_scale": 0.7542547583580017,
            "sig_slope": 0.2,
            "sig_offset": -3.0,
            "error_scale": 0.0
        },
        "past_outcomes": [
            2.3,
            2.53,
            3.201,
            2.83
        ],
        "past_actions": [
            5,
            3,
            4.4,
            null
        ],
        "y_init": 2.83,
        "maxPrediction": [
            2.83,
            2.9928237880643196,
            2.9431569710687517,
            2.809352678477577,
            2.6102159250267363,
            2.4569578995917274,
            2.250646936424199,
            2.05414337587041
        ],
        "minPrediction": [
            2.83,
            2.2666552796437975,
            1.9600834156245692,
            1.63570427836066,
            1.3342406133546023,
            1.1217206872851495,
            0.9260209598621364,
            0.7891242715200568
        ],