{
  "iter_1": {
    "patient_id": "14",
    "timestamp": "20250616_225154",
    "schedule_type": "manual",
    "last_param": {
      "a": 0.8569257259368896,
      "b": 0.02038869634270668,
      "c": 0.4107247591018677,
      "error_scale": 0,
      "noise_scale": 0.7542547583580017,
      "sig_offset": -3,
      "sig_slope": 0.2
    },
    "past_outcomes": [
      2.3,
      2.53,
      3.201,
      2.83
    ],
    "past_actions": [
      5,
      3,
      4.4,
      null
    ],
    "y_init": 2.83,
    "future_actions": [
      1.7,
      3.4,
      5.1000000000000005,
      6.8,
      8.5,
      10.200000000000001,
      11.9
    ],
    "max_outcomes": [
      2.903821407349592,
      2.7842433029993754,
      2.6145446022870353,
      2.5084580950295567,
      2.3536143929513007,
      2.247868537705371,
      2.1204109878678707
    ],
    "min_outcomes": [
      2.195850615885764,
      1.8067038340878274,
      1.5183999487864193,
      1.2339127696121863,
      1.0390649427612717,
      0.8792009821447944,
      0.7729474511184149
    ],
    "median_trajectory": [
      2.1963437577068685,
      2.0655209645026535,
      2.253430590118975,
      1.7269531423569955,
      1.6534820062126978,
      1.5913624088419989,
      1.3925432256905235
    ],
    "median_actions": [
      1.7,
      3.4,
      5.1000000000000005,
      6.8,
      8.5,
      10.200000000000001,
      11.9
    ],
    "median_score": 3.2330823943395353
  },
  "iter_2": {
    "patient_id": "14",
    "timestamp": "20250616_225202",
    "schedule_type": "manual",
    "last_param": {
      "a": 0.869,
      "b": -0.0,
      "c": 0.39,
      "error_scale": 0,
      "noise_scale": 0.7542547583580017,
      "sig_offset": -3,
      "sig_slope": 0.2
    },
    "past_outcomes": [
      2.3,
      2.53,
      3.201,
      2.83
    ],
    "past_actions": [
      5,
      3,
      4.4,
      null
    ],
    "y_init": 2.83,
    "future_actions": [
      11.9,
      10.200000000000001,
      8.5,
      6.8,
      5.1000000000000005,
      3.4,
      1.7
    ],
    "max_outcomes": [
      2.959024143459779,
      2.8918801046964218,
      2.7410185861889254,
      2.5993979020541014,
      2.3917306182797295,
      2.204240813824158,
      2.0725045686426165
    ],
    "min_outcomes": [
      2.260233444905663,
      1.8856280618354535,
      1.5702579920577218,
      1.3455591739424395,
      1.1046751596245705,
      0.9376394411135967,
      0.7784998174181574
    ],
    "median_trajectory": [
      2.403587595901444,
      2.0652875621309095,
      2.074597095078396,
      1.9061361674904986,
      1.7217931746233877,
      1.4411382492188176,
      1.3914953783280062
    ],
    "median_actions": [
      11.9,
      10.200000000000001,
      8.5,
      6.8,
      5.1000000000000005,
      3.4,
      1.7
    ],
    "median_score": 3.2495422848357993
  },
  "iter_3": {
    "patient_id": "14",
    "timestamp": "20250616_225210",
    "schedule_type": "manual",
    "last_param": {
      "a": 0.88,
      "b": 0.016,
      "c": 0.437,
      "error_scale": 0,
      "noise_scale": 0.7542547583580017,
      "sig_offset": -3,
      "sig_slope": 0.2
    },
    "past_outcomes": [
      2.3,
      2.53,
      3.201,
      2.83
    ],
    "past_actions": [
      5,
      3,
      4.4,
      null
    ],
    "y_init": 2.83,
    "future_actions": [
      6.8,
      6.8,
      6.8,
      6.8,
      6.8,
      6.8,
      6.8
    ],
    "max_outcomes": [
      2.9165873241075957,
      2.789582946011708,
      2.6492474329200184,
      2.470281595530356,
      2.3444615684005274,
      2.157361068544876,
      2.007855378462266
    ],
    "min_outcomes": [
      2.1778969500027605,
      1.8300779925756432,
      1.4972394070268882,
      1.2557999495976255,
      1.0629230337256117,
      0.8901219687699236,
      0.7683741390323042
    ],
    "median_trajectory": [
      2.613634938663447,
      2.6442887975452845,
      2.3346120201510985,
      1.9271383665998454,
      1.8773314659569575,
      1.6692767932947363,
      1.1760907187148413
    ],
    "median_actions": [
      6.8,
      6.8,
      6.8,
      6.8,
      6.8,
      6.8,
      6.8
    ],
    "median_score": 3.209739596662775
  }
}