{
    "patient_id": "14",
    "timestamp": "20250616_200018",
    "schedule_type": "manual",
    "last_param": {
        "a": 0.8569257259368896,
        "b": 0.02038869634270668,
        "c": 0.4107247591018677,
        "error_scale": 0,
        "noise_scale": 0.7542547583580017,
        "sig_offset": -3,
        "sig_slope": 0.2
    },
    "past_outcomes": [
        2.3,
        2.53,
        3.201,
        2.83
    ],
    "past_actions": [
        5,
        3,
        4.4,
        null
    ],
    "y_init": 2.83,
    "future_actions": [
        0,
        0,
        0,
        0,
        0,
        0,
        0
    ],
    "max_outcomes": [
        2.8955227096835325,
        2.7535030771576916,
        2.589080009275498,
        2.414975400560811,
        2.2970668541002555,
        2.0833860850079775,
        1.904816682582898
    ],
    "min_outcomes": [
        2.1866753299677244,
        1.7678139077471147,
        1.4325308211020102,
        1.1773780435694876,
        0.9668799612592396,
        0.8334043739313332,
        0.6946061530811979
    ],
    "median_trajectory": [
        2.3041143260777828,
        2.2402305580198396,
        1.839807426639897,
        1.790819570623958,
        1.5992202310953436,
        1.5800203310628946,
        1.2273023869429005
    ],
    "median_actions": [
        0,
        0,
        0,
        0,
        0,
        0,
        0
    ],
    "median_score": 3.02460438477288
}