{
    "iter_1": {
        "patient_id": "unknown",
        "timestamp": "20250616_225149",
        "schedule_type": "recommended",
        "last_param": {
            "a": 0.8569257259368896,
            "b": 0.02038869634270668,
            "c": 0.4107247591018677,
            "noise_scale": 0.7542547583580017,
            "sig_slope": 0.2,
            "sig_offset": -3.0,
            "error_scale": 0.0
        },
        "past_outcomes": [
            2.3,
            2.53,
            3.201,
            2.83
        ],
        "past_actions": [
            5,
            3,
            4.4,
            null
        ],
        "y_init": 2.83,
        "maxPrediction": [
            2.83,
            2.976713209389089,
            2.963399927266592,
            2.8476971704733836,
            2.6592642744295283,
            2.4990604567429346,
            2.2994728980932004,
            2.153443713105421
        ],
        "minPrediction": [
            2.83,
            2.261393601343275,
            1.9854822338007136,
            1.6618403130258275,
            1.3866895538108455,
            1.1288448814401246,
            0.9356791136879571,
            0.7669947338835417
        ],
        "meanPrediction": [
            2.83,
            2.4472869850247134,
            2.2706904609757643,
            2.1909671079392012,
            2.036070770880078,
            1.7619123751596373,
            1.4810472419911878,
            1.371222675853554
        ],
        "dosage": [
            20,
            20,
            7,
            0,
            0,
            0,
            0,
            0
        ]
    },
    "iter_2": {
        "patient_id": "unknown",
        "timestamp": "20250616_225159",
        "schedule_type": "recommended",
        "last_param": {
            "a": 0.8569257259368896,
            "b": 0.02038869634270668,
            "c": 0.4107247591018677,
            "noise_scale": 0.7542547583580017,
            "sig_slope": 0.2,
            "sig_offset": -3.0,
            "error_scale": 0.0
        },
        "past_outcomes": [
            2.3,
            2.53,
            3.201,
            2.83
        ],
        "past_actions": [
            5,
            3,
            4.4,
            null
        ],
        "y_init": 2.83,
        "maxPrediction": [
            2.83,
            2.994766878863147,
            2.949908747681393,
            2.7900338591597578,
            2.640579508721956,
            2.45370646157372,
            2.2356146070581033,
            2.0751332910045277
        ],
        "minPrediction": [
            2.83,
            2.2727897594630773,
            1.9433171774667612,
            1.66201827528125,
            1.4075120513589587,
            1.151763469927195,
            0.963846205980033,
            0.7871089415828029
        ],
        "meanPrediction": [
            2.83,
            2.537381747145976,
            2.3026982112971344,
            1.9395521856046303,
            1.5850874072550316,
            1.5260367226066172,
            1.4273132967252184,
            1.451648358392713
        ],
        "dosage": [
            20,
            20,
            7,
            0,
            0,
            0,
            0,
            0
        ]
    },
    "iter_3": {
        "patient_id": "unknown",
        "timestamp": "20250616_225206",
        "schedule_type": "recommended",
        "last_param": {
            "a": 0.8569257259368896,
            "b": 0.02038869634270668,
            "c": 0.4107247591018677,
            "noise_scale": 0.7542547583580017,
            "sig_slope": 0.2,
            "sig_offset": -3.0,
            "error_scale": 0.0
        },
        "past_outcomes": [
            2.3,
            2.53,
            3.201,
            2.83
        ],
        "past_actions": [
            5,
            3,
            4.4,
            null
        ],
        "y_init": 2.83,
        "maxPrediction": [
            2.83,
            2.996127135180651,
            2.936585108196529,
            2.7738002827071964,
            2.617738775187364,
            2.430009833003658,
            2.24487902368469,
            2.045764492702431
        ],
        "minPrediction": [
            2.83,
            2.2604547090847467,
            1.965241384427274,
            1.6521008749834072,
            1.3895681455322921,
            1.1477377916533842,
            0.9566843463788428,
            0.7795523991555243
        ],
        "meanPrediction": [
            2.83,
            2.7747794073055077,
            2.576415392436121,
            2.0346826779734473,
            2.0601615462954936,
            1.6559414887279407,
            1.3521399869614579,
            1.3091447150564803
        ],
        "dosage": [
            20,
            20,
            7,
            0,
            0,
            0,
            0,
            0
        ]
    }
}