{
    "patient_id": "14",
    "timestamp": "20250616_200014",
    "schedule_type": "recommended",
    "last_param": {
        "a": 0.8569257259368896,
        "b": 0.02038869634270668,
        "c": 0.4107247591018677,
        "noise_scale": 0.7542547583580017,
        "sig_slope": 0.2,
        "sig_offset": -3.0,
        "error_scale": 0.0
    },
    "past_outcomes": [
        2.3,
        2.53,
        3.201,
        2.83
    ],
    "past_actions": [
        5,
        3,
        4.4,
        null
    ],
    "y_init": 2.83,
    "maxPrediction": [
        2.83,
        3.0291590893357174,
        2.983501216209816,
        2.8530209568257923,
        2.686830785126824,
        2.471363783056551,
        2.3221857658217493,
        2.1216936146834593
    ],
    "minPrediction": [
        2.83,
        2.279499933099152,
        1.9269222807980615,
        1.6127618606941483,
        1.3397651641385648,
        1.1489070019692067,
        0.8882392722809384,
        0.7489421634130666
    ],
    "meanPrediction": [
        2.83,
        2.5101900134641753,
        2.109783139126092,
        1.8696468404734048,
        1.9710141948812956,
        1.7966856839076,
        1.4701482379487607,
        1.4167683880149238
    ],
    "dosage": [
        20,
        20,
        7,
        0,
        0,
        0,
        0,
        0
    ]
}