{
    "iter_1": {
        "patient_id": "unknown",
        "timestamp": "20250616_225149",
        "schedule_type": "recommended",
        "last_param": {
            "a": 0.8569257259368896,
            "b": 0.02038869634270668,
            "c": 0.4107247591018677,
            "noise_scale": 0.7542547583580017,
            "sig_slope": 0.2,
            "sig_offset": -3.0,
            "error_scale": 0.0
        },
        "past_outcomes": [
            2.3,
            2.53,
            3.201,
            2.83
        ],
        "past_actions": [
            5,
            3,
            4.4,
            null
        ],
        "y_init": 2.83,
        "maxPrediction": [
            2.83,
            3.810192908018034,
            4.276795238364075,
            3.763435933713756,
            3.4547212633337647,
            3.173872986061702,
            2.839123671533518,
            2.570256202800182
        ],
        "minPrediction": [
            2.83,
            2.8945838097193923,
            2.8654589902780443,
            2.1962410943772688,
            1.8014854459024516,
            1.4336629051889247,
            1.1552685499506632,
            0.915451358343788
        ],
        "meanPrediction": [
            2.83,
            3.132527340831633,
            3.2770730882272283,
            2.895520081663952,
            2.6451139337479863,
            2.23767539366184,
            1.8286261546650255,
            1.6366313949067333
        ],
        "dosage": [
            20,
            20,
            7,
            0,
            0,
            0,
            0,
            0
        ]
    },
    "iter_2": {
        "patient_id": "unknown",
        "timestamp": "20250616_225159",
        "schedule_type": "recommended",
        "last_param": {
            "a": 0.8569257259368896,
            "b": 0.02038869634270668,
            "c": 0.4107247591018677,
            "noise_scale": 0.7542547583580017,
            "sig_slope": 0.2,
            "sig_offset": -3.0,
            "error_scale": 0.0
        },
        "past_outcomes": [
            2.3,
            2.53,
            3.201,
            2.83
        ],
        "past_actions": [
            5,
            3,
            4.4,
            null
        ],
        "y_init": 2.83,
        "maxPrediction": [
            2.83,
            3.833301604944828,
            4.257324693035717,
            3.6872297345066447,
            3.430447385024243,
            3.1162722106626335,
            2.7602788258944315,
            2.476788309061523
        ],
        "minPrediction": [
            2.83,
            2.909170892112739,
            2.8046061467265715,
            2.1964762842541443,
            1.828536508757276,
            1.462770119734899,
            1.1900460237582544,
            0.9394587966570391
        ],
        "meanPrediction": [
            2.83,
            3.2478486363468493,
            3.3232668513118653,
            2.563257240377183,
            2.0592293976728864,
            1.93810706601785,
            1.7622816823748735,
            1.7326239709618623
        ],
        "dosage": [
            20,
            20,
            7,
            0,
            0,
            0,
            0,
            0
        ]
    },
    "iter_3": {
        "patient_id": "unknown",
        "timestamp": "20250616_225206",
        "schedule_type": "recommended",
        "last_param": {
            "a": 0.8569257259368896,
            "b": 0.02038869634270668,
            "c": 0.4107247591018677,
            "noise_scale": 0.7542547583580017,
            "sig_slope": 0.2,
            "sig_offset": -3.0,
            "error_scale": 0.0
        },
        "past_outcomes": [
            2.3,
            2.53,
            3.201,
            2.83
        ],
        "past_actions": [
            5,
            3,
            4.4,
            null
        ],
        "y_init": 2.83,
        "maxPrediction": [
            2.83,
            3.8350427330312336,
            4.2380959425109435,
            3.665775899601824,
            3.4007743778805573,
            3.086176864599145,
            2.771717458012819,
            2.441734996293066
        ],
        "minPrediction": [
            2.83,
            2.893382027628476,
            2.836247284013133,
            2.183369728881291,
            1.8052251013117178,
            1.4576574016774593,
            1.18120338632478,
            0.9304396382145707
        ],
        "meanPrediction": [
            2.83,
            3.5517176413510496,
            3.7182970077826565,
            2.6889790049962676,
            2.676410903694943,
            2.103089560475183,
            1.669466357873857,
            1.5625378568101311
        ],
        "dosage": [
            20,
            20,
            7,
            0,
            0,
            0,
            0,
            0
        ]
    }
}