{
    "iter_1": {
        "patient_id": "unknown",
        "timestamp": "20250617_185905",
        "schedule_type": "recommended",
        "last_param": {
            "a": 0.6815183758735657,
            "b": 0.002286317525431514,
            "c": 2.1938469409942627,
            "noise_scale": 0.3259151875972748,
            "sig_slope": 0.2,
            "sig_offset": -3.0,
            "error_scale": 0.0
        },
        "past_outcomes": [
            2,
            2,
            2.2,
            2.5,
            2.6
        ],
        "past_actions": [
            5,
            0,
            5,
            20,
            null
        ],
        "y_init": 2.6,
        "maxPrediction": [
            2.6,
            2.9641392699375753,
            3.2786933333447155,
            3.608250009964043,
            3.9319859626266283,
            4.217898523103072,
            4.439756642173911
        ],
        "minPrediction": [
            2.6,
            2.6481730320845878,
            2.806665326999423,
            3.0053149572732476,
            3.2435964960512513,
            3.4980734804387774,
            3.789848485510364
        ],
        "meanPrediction": [
            2.6,
            2.784784012495922,
            2.9891564151493233,
            3.3556510758828013,
            3.673445057420832,
            3.9853020305531723,
            4.200002588497748
        ],
        "dosage": [
            20,
            10,
            0,
            0,
            0,
            0,
            0
        ]
    },
    "iter_2": {
        "patient_id": "unknown",
        "timestamp": "20250617_185908",
        "schedule_type": "recommended",
        "last_param": {
            "a": 0.6815183758735657,
            "b": 0.002286317525431514,
            "c": 2.1938469409942627,
            "noise_scale": 0.3259151875972748,
            "sig_slope": 0.2,
            "sig_offset": -3.0,
            "error_scale": 0.0
        },
        "past_outcomes": [
            2,
            2,
            2.2,
            2.5,
            2.6
        ],
        "past_actions": [
            5,
            0,
            5,
            20,
            null
        ],
        "y_init": 2.6,
        "maxPrediction": [
            2.6,
            2.9678060047908406,
            3.284868109933042,
            3.6238778586299816,
            3.936910274242209,
            4.218077487034414,
            4.4425402393391
        ],
        "minPrediction": [
            2.6,
            2.6495716014505275,
            2.8212693023244895,
            3.0252304391521347,
            3.2808713331866253,
            3.5601664354058298,
            3.837238801701622
        ],
        "meanPrediction": [
            2.6,
            2.783183508247954,
            3.09106648858012,
            3.3172427123817516,
            3.6067353200311025,
            3.8908682747080765,
            4.215235950881098
        ],
        "dosage": [
            20,
            10,
            0,
            0,
            0,
            0,
            0
        ]
    },
    "iter_3": {
        "patient_id": "unknown",
        "timestamp": "20250617_185911",
        "schedule_type": "recommended",
        "last_param": {
            "a": 0.6815183758735657,
            "b": 0.002286317525431514,
            "c": 2.1938469409942627,
            "noise_scale": 0.3259151875972748,
            "sig_slope": 0.2,
            "sig_offset": -3.0,
            "error_scale": 0.0
        },
        "past_outcomes": [
            2,
            2,
            2.2,
            2.5,
            2.6
        ],
        "past_actions": [
            5,
            0,
            5,
            20,
            null
        ],
        "y_init": 2.6,
        "maxPrediction": [
            2.6,
            2.967108518000494,
            3.2893991307584933,
            3.6173637694148657,
            3.9499074889491563,
            4.221567445004125,
            4.43804545186757
        ],
        "minPrediction": [
            2.6,
            2.6586865173235212,
            2.8152357907697385,
            3.0276507083037765,
            3.2923051081220427,
            3.592755706830921,
            3.849075626782303
        ],
        "meanPrediction": [
            2.6,
            2.8749989627948174,
            3.1604323701879506,
            3.360454960532833,
            3.693328203025572,
            4.003785481344517,
            4.178676671716457
        ],
        "dosage": [
            20,
            10,
            0,
            0,
            0,
            0,
            0
        ]
    },
    "iter_4": {
        "patient_id": "unknown",
        "timestamp": "20250617_185914",
        "schedule_type": "recommended",
        "last_param": {
            "a": 0.6815183758735657,
            "b": 0.002286317525431514,
            "c": 2.1938469409942627,
            "noise_scale": 0.3259151875972748,
            "sig_slope": 0.2,
            "sig_offset": -3.0,
            "error_scale": 0.0
        },
        "past_outcomes": [
            2,
            2,
            2.2,
            2.5,
            2.6
        ],
        "past_actions": [
            5,
            0,
            5,
            20,
            null
        ],
        "y_init": 2.6,
        "maxPrediction": [
            2.6,
            2.951872589718992,
            3.2862043446348546,
            3.6148330678978153,
            3.9233722966695406,
            4.21158059012469,
            4.426441043732917
        ],
        "minPrediction": [
            2.6,
            2.6537554280223796,
            2.80005314562633,
            3.0154700396945433,
            3.2622804438621236,
            3.510020741729389,
            3.8039750535070773
        ],
        "meanPrediction": [
            2.6,
            2.8189409102514755,
            3.07593134358501,
            3.382648903293586,
            3.5846145396301523,
            3.9206879161769894,
            4.1897121179554055
        ],
        "dosage": [
            20,
            10,
            0,
            0,
            0,
            0,
            0
        ]
    },
    "iter_5": {
        "patient_id": "unknown",
        "timestamp": "20250617_185916",
        "schedule_type": "recommended",
        "last_param": {
            "a": 0.6815183758735657,
            "b": 0.002286317525431514,
            "c": 2.1938469409942627,
            "noise_scale": 0.3259151875972748,
            "sig_slope": 0.2,
            "sig_offset": -3.0,
            "error_scale": 0.0
        },
        "past_outcomes": [
            2,
            2,
            2.2,
            2.5,
            2.6
        ],
        "past_actions": [
            5,
            0,
            5,
            20,
            null
        ],
        "y_init": 2.6,
        "maxPrediction": [
            2.6,
            2.9693440108451097,
            3.3005639071370356,
            3.6253692195418012,
            3.9522605445192,
            4.244532246326711,
            4.449074968344658
        ],
        "minPrediction": [
            2.6,
            2.6475375075308256,
            2.797017892437579,
            3.0036934080249216,
            3.2434713193610314,
            3.5131851431398338,
            3.8247370207171
        ],
        "meanPrediction": [
            2.6,
            2.8345387600666525,
            3.0081758666067575,
            3.2939259130026812,
            3.6280674428863824,
            3.9016209689109473,
            4.214248411339434
        ],
        "dosage": [
            20,
            10,
            0,
            0,
            0,
            0,
            0
        ]
    },
    "iter_6": {
        "patient_id": "unknown",
        "timestamp": "20250617_185919",
        "schedule_type": "recommended",
        "last_param": {
            "a": 0.6815183758735657,
            "b": 0.002286317525431514,
            "c": 2.1938469409942627,