{
    "iter_1": {
        "patient_id": "unknown",
        "timestamp": "20250617_182331",
        "schedule_type": "recommended",
        "last_param": {
            "a": 0.5918571949005127,
            "b": 0.001172125805169344,
            "c": 3.4048266410827637,
            "noise_scale": 0.49286848306655884,
            "sig_slope": 0.2,
            "sig_offset": -3.0,
            "error_scale": 0.0
        },
        "past_outcomes": [
            2,
            2.5,
            3.4,
            3.45,
            3.570543,
            3.9990243
        ],
        "past_actions": [
            4,
            5,
            9,
            15,
            15,
            null
        ],
        "y_init": 3.9990243,
        "maxPrediction": [
            3.9990243,
            4.621509757513331,
            4.854269306162614,
            4.927688171263357,
            4.95517329258766,
            4.967433213947528
        ],
        "minPrediction": [
            3.9990243,
            4.473420954481578,
            4.7656819389131595,
            4.882636659780574,
            4.926908679987972,
            4.947554230371266
        ],
        "meanPrediction": [
            3.9990243,
            4.5398081109134765,
            4.806128952622723,
            4.901455040993595,
            4.945857149469202,
            4.962175882378118
        ],
        "dosage": [
            0,
            0,
            0,
            0,
            12,
            0
        ]
    },
    "iter_2": {
        "patient_id": "unknown",
        "timestamp": "20250617_182334",
        "schedule_type": "recommended",
        "last_param": {
            "a": 0.5918571949005127,
            "b": 0.001172125805169344,
            "c": 3.4048266410827637,
            "noise_scale": 0.49286848306655884,
            "sig_slope": 0.2,
            "sig_offset": -3.0,
            "error_scale": 0.0
        },
        "past_outcomes": [
            2,
            2.5,
            3.4,
            3.45,
            3.570543,
            3.9990243
        ],
        "past_actions": [
            4,
            5,
            9,
            15,
            15,
            null
        ],
        "y_init": 3.9990243,
        "maxPrediction": [
            3.9990243,
            4.627422594251092,
            4.854023906223847,
            4.929341059801193,
            4.955646187451452,
            4.968051529831117
        ],
        "minPrediction": [
            3.9990243,
            4.464831915956078,
            4.76188689047188,
            4.88034259435874,
            4.925957895017944,
            4.947184389757088
        ],
        "meanPrediction": [
            3.9990243,
            4.555510199552747,
            4.8053486985923435,
            4.902205993927479,
            4.944237352480105,
            4.9595156776644425
        ],
        "dosage": [
            0,
            0,
            0,
            0,
            12,
            0
        ]
    },
    "iter_3": {
        "patient_id": "unknown",
        "timestamp": "20250617_182337",
        "schedule_type": "recommended",
        "last_param": {
            "a": 0.5918571949005127,
            "b": 0.001172125805169344,
            "c": 3.4048266410827637,
            "noise_scale": 0.49286848306655884,
            "sig_slope": 0.2,
            "sig_offset": -3.0,
            "error_scale": 0.0
        },
        "past_outcomes": [
            2,
            2.5,
            3.4,
            3.45,
            3.570543,
            3.9990243
        ],
        "past_actions": [
            4,
            5,
            9,
            15,
            15,
            null
        ],
        "y_init": 3.9990243,
        "maxPrediction": [
            3.9990243,
            4.626373844859711,
            4.851294220753199,
            4.927708220396849,
            4.955533524931783,
            4.967982731780206
        ],
        "minPrediction": [
            3.9990243,
            4.467884564730923,
            4.755506933584909,
            4.877964293301727,
            4.925434357087992,
            4.947374137772855
        ],
        "meanPrediction": [
            3.9990243,
            4.583732036899145,
            4.808972582685453,
            4.906716640184735,
            4.9429773879431815,
            4.954083071519488
        ],
        "dosage": [
            0,
            0,
            0,
            0,
            12,
            0
        ]
    },
    "iter_4": {
        "patient_id": "unknown",
        "timestamp": "20250617_182339",
        "schedule_type": "recommended",
        "last_param": {
            "a": 0.5918571949005127,
            "b": 0.001172125805169344,
            "c": 3.4048266410827637,
            "noise_scale": 0.49286848306655884,
            "sig_slope": 0.2,
            "sig_offset": -3.0,
            "error_scale": 0.0
        },
        "past_outcomes": [
            2,
            2.5,
            3.4,
            3.45,
            3.570543,
            3.9990243
        ],
        "past_actions": [
            4,
            5,
            9,
            15,
            15,
            null
        ],
        "y_init": 3.9990243,
        "maxPrediction": [
            3.9990243,
            4.621537558769238,
            4.853284998406574,
            4.927918304099583,
            4.955640747456622,
            4.967389143616698
        ],
        "minPrediction": [
            3.9990243,
            4.461765045844056,
            4.7576266816477135,
            4.879775045110436,
            4.9260318536863945,
            4.9466879188891975
        ],
        "meanPrediction": [
            3.9990243,
            4.5114100386483225,
            4.7912360006595724,
            4.906559988985593,
            4.948935625807019,
            4.966192466726263
        ],
        "dosage": [
            0,
            0,
            0,
            0,
            12,
            0
        ]
    },
    "iter_5": {
        "patient_id": "unknown",
        "timestamp": "20250617_182342",
        "schedule_type": "recommended",
        "last_param": {
            "a": 0.5918571949005127,
            "b": 0.001172125805169344,
            "c": 3.4048266410827637,
            "noise_scale": 0.49286848306655884,
            "sig_slope": 0.2,
            "sig_offset": -3.0,
            "error_scale": 0.0
        },
        "past_outcomes": [
            2,
            2.5,
            3.4,
            3.45,
            3.570543,
            3.9990243
        ],
        "past_actions": [
            4,
            5,
            9,
            15,
            15,
            null
        ],
        "y_init": 3.9990243,
        "maxPrediction": [
            3.9990243,
            4.622450079591129,
            4.853325032639434,
            4.927730092939262,
            4.955772352858088,
            4.967402514216697
        ],
        "minPrediction": [
            3.9990243,
            4.4698678130583716,
            4.760034886332557,
            4.880397008822478,
            4.927913993745626,
            4.9466824091644135
        ],
        "meanPrediction": [
            3.9990243,
            4.550104537257688,
            4.832625223733978,
            4.895970099685859,
            4.9350473713186,
            4.958841384395742
        ],
        "dosage": [
            0,
            0,
            0,
            0,
            12,
            0
        ]
    },
    "iter_6": {
        "patient_id": "unknown",
        "timestamp": "20250617_182345",
        "schedule_type": "recommended",
        "last_param": {
            "a": 0.5918571949005127,
            "b": 0.001172125805169344,
            "c": 3.4048266410827637,
            "noise_scale": 0.49286848306655884,
            "sig_slope": 0.2,
            "sig_offset": -3.0,
            "error_scale": 0.0
        },