{
  "iter_1": {
    "patient_id": "16",
    "timestamp": "20250616_200029",
    "schedule_type": "manual",
    "last_param": {
      "a": 0.524,
      "b": 0.302,
      "c": 1.725,
      "error_scale": 0,
      "noise_scale": 0.5525715351104736,
      "sig_offset": -3,
      "sig_slope": 0.2
    },
    "past_outcomes": [
      2.3,
      3.3,
      3.8
    ],
    "past_actions": [
      5,
      4,
      null
    ],
    "y_init": 3.8,
    "future_actions": [
      13.142857142857142,
      10.952380952380953,
      8.761904761904763,
      6.571428571428571,
      4.380952380952381,
      2.1904761904761907
    ],
    "max_outcomes": [
      4.151225263688765,
      4.223362538885498,
      4.16391393750801,
      4.048998850747449,
      3.836932105695769,
      3.5239470123154537
    ],
    "min_outcomes": [
      3.7934311846201294,
      3.778421226618727,
      3.642546006301207,
      3.4291495255132136,
      3.083067190974853,
      2.6245614733117346
    ],
    "median_trajectory": [
      4.1116818752780135,
      4.169931429469695,
      3.8791498696207056,
      3.691657152890123,
      3.345774019630961,
      3.081877875188424
    ],
    "median_actions": [
      13.142857142857142,
      10.952380952380953,
      8.761904761904763,
      6.571428571428571,
      4.380952380952381,
      2.1904761904761907
    ],
    "median_score": 6.795874144569959
  },
  "iter_2": {
    "patient_id": "16",
    "timestamp": "20250616_200029",
    "schedule_type": "manual",
    "last_param": {
      "a": 0.613,
      "b": 0.24,
      "c": 1.75,
      "error_scale": 0,
      "noise_scale": 0.5525715351104736,
      "sig_offset": -3,
      "sig_slope": 0.2
    },
    "past_outcomes": [
      2.3,
      3.3,
      3.8
    ],
    "past_actions": [
      5,
      4,
      null
    ],
    "y_init": 3.8,
    "future_actions": [
      13.142857142857142,
      10.952380952380953,
      8.761904761904763,
      6.571428571428571,
      4.380952380952381,
      2.1904761904761907
    ],
    "max_outcomes": [
      4.151225263688765,
      4.223362538885498,
      4.16391393750801,
      4.048998850747449,
      3.836932105695769,
      3.5239470123154537
    ],
    "min_outcomes": [
      3.7934311846201294,
      3.778421226618727,
      3.642546006301207,
      3.4291495255132136,
      3.083067190974853,
      2.6245614733117346
    ],
    "median_trajectory": [
      4.1116818752780135,
      4.169931429469695,
      3.8791498696207056,
      3.691657152890123,
      3.345774019630961,
      3.081877875188424
    ],
    "median_actions": [
      13.142857142857142,
      10.952380952380953,
      8.761904761904763,
      6.571428571428571,
      4.380952380952381,
      2.1904761904761907
    ],
    "median_score": 6.795874144569959
  },
  "iter_3": {
    "patient_id": "16",
    "timestamp": "20250616_200029",
    "schedule_type": "manual",
    "last_param": {
      "a": 0.558,
      "b": 0.305,
      "c": 1.678,
      "error_scale": 0,
      "noise_scale": 0.5525715351104736,
      "sig_offset": -3,
      "sig_slope": 0.2
    },
    "past_outcomes": [
      2.3,
      3.3,
      3.8
    ],
    "past_actions": [
      5,
      4,
      null
    ],
    "y_init": 3.8,
    "future_actions": [
      13.142857142857142,
      10.952380952380953,
      8.761904761904763,
      6.571428571428571,
      4.380952380952381,
      2.1904761904761907
    ],
    "max_outcomes": [
      4.151225263688765,
      4.223362538885498,
      4.16391393750801,
      4.048998850747449,
      3.836932105695769,
      3.5239470123154537
    ],
    "min_outcomes": [
      3.7934311846201294,
      3.778421226618727,
      3.642546006301207,
      3.4291495255132136,
      3.083067190974853,
      2.6245614733117346
    ],
    "median_trajectory": [
      4.1116818752780135,
      4.169931429469695,
      3.8791498696207056,
      3.691657152890123,
      3.345774019630961,
      3.081877875188424
    ],
    "median_actions": [
      13.142857142857142,
      10.952380952380953,
      8.761904761904763,
      6.571428571428571,
      4.380952380952381,
      2.1904761904761907
    ],
    "median_score": 6.795874144569959
  },
  "iter_4": {
    "patient_id": "16",
    "timestamp": "20250616_200029",
    "schedule_type": "manual",
    "last_param": {
      "a": 0.559,
      "b": 0.253,
      "c": 1.69,
      "error_scale": 0,
      "noise_scale": 0.5525715351104736,
      "sig_offset": -3,
      "sig_slope": 0.2
    },
    "past_outcomes": [
      2.3,
      3.3,
      3.8
    ],
    "past_actions": [
      5,
      4,
      null
    ],
    "y_init": 3.8,
    "future_actions": [
      13.142857142857142,
      10.952380952380953,
      8.761904761904763,
      6.571428571428571,
      4.380952380952381,
      2.1904761904761907
    ],
    "max_outcomes": [
      4.151225263688765,
      4.223362538885498,
      4.16391393750801,
      4.048998850747449,
      3.836932105695769,
      3.5239470123154537
    ],
    "min_outcomes": [
      3.7934311846201294,
      3.778421226618727,
      3.642546006301207,
      3.4291495255132136,
      3.083067190974853,
      2.6245614733117346
    ],
    "median_trajectory": [
      4.1116818752780135,
      4.169931429469695,
      3.8791498696207056,
      3.691657152890123,
      3.345774019630961,
      3.081877875188424
    ],
    "median_actions": [
      13.142857142857142,
      10.952380952380953,
      8.761904761904763,
      6.571428571428571,
      4.380952380952381,
      2.1904761904761907
    ],
    "median_score": 6.795874144569959
  },
  "iter_5": {
    "patient_id": "16",
    "timestamp": "20250616_200029",
    "schedule_type": "manual",
    "last_param": {
      "a": 0.596,
      "b": 0.288,
      "c": 1.666,
      "error_scale": 0,
      "noise_scale": 0.5525715351104736,
      "sig_offset": -3,
      "sig_slope": 0.2
    },
    "past_outcomes": [
      2.3,
      3.3,
      3.8
    ],
    "past_actions": [
      5,
      4,
      null
    ],
    "y_init": 3.8,
    "future_actions": [
      13.142857142857142,
      10.952380952380953,
      8.761904761904763,
      6.571428571428571,
      4.380952380952381,
      2.1904761904761907
    ],
    "max_outcomes": [
      4.151225263688765,
      4.223362538885498,
      4.16391393750801,
      4.048998850747449,
      3.836932105695769,
      3.5239470123154537
    ],
    "min_outcomes": [
      3.7934311846201294,
      3.778421226618727,
      3.642546006301207,
      3.4291495255132136,
      3.083067190974853,
      2.6245614733117346
    ],
    "median_trajectory": [
      4.1116818752780135,
      4.169931429469695,
      3.8791498696207056,
      3.691657152890123,
      3.345774019630961,
      3.081877875188424
    ],
    "median_actions": [
      13.142857142857142,
      10.952380952380953,
      8.761904761904763,
      6.571428571428571,
      4.380952380952381,
      2.1904761904761907
    ],
    "median_score": 6.795874144569959
  }
}