{
    "patient_id": "16",
    "timestamp": "20250616_200025",
    "schedule_type": "recommended",
    "last_param": {
        "a": 0.5663818717002869,
        "b": 0.2770152688026428,
        "c": 1.713249921798706,
        "noise_scale": 0.5525715351104736,
        "sig_slope": 0.2,
        "sig_offset": -3.0,
        "error_scale": 0.0
    },
    "past_outcomes": [
        2.3,
        3.3,
        3.8
    ],
    "past_actions": [
        5,
        4,
        null
    ],
    "y_init": 3.8,
    "maxPrediction": [
        3.8,
        3.5290305559037516,
        3.5558543677162655,
        3.556072167491436,
        3.573712879104437,
        3.5646077672758985,
        4.015193626636182
    ],
    "minPrediction": [
        3.8,
        3.055632252485786,
        3.052235448595902,
        3.0597474700252176,
        3.057349837608219,
        3.043682291844654,
        2.9902853962614246
    ],
    "meanPrediction": [
        3.8,
        3.464343152507898,
        3.2625819308486195,
        3.3315444063386574,
        3.197393197858165,
        3.330198190369096,
        3.5657234878227846
    ],
    "dosage": [
        0,
        6,
        9,
        8,
        10,
        13,
        0
    ]
}